
--------------------------------------------------
Metadata Checksum: 2132b592ec28788a914555bc96761efd
Metadata Data string: KDBM|57997|2025-12-15 12:07:18|Terminal_Symbols_Centered_Fixed_Size_2025-12-15_12-07-11.pdf
Initial file size: 57997 bytes
Final file size: 57997 bytes
Timestamp (IST): 2025-12-15 12:07:18
Station code: KDBM
File name: Terminal_Symbols_Centered_Fixed_Size_2025-12-15_12-07-11.pdf
Full file MD5: 4a4cfaa31d676125320250de8df6e643

--------------------------------------------------
Metadata Checksum: 48b01437728c75de7bf3e1fb1b2191fd
Metadata Data string: KDBM|57997|2025-12-15 12:07:35|Terminal_Symbols_Centered_Fixed_Size_2025-12-15_12-07-31.pdf
Initial file size: 57997 bytes
Final file size: 57997 bytes
Timestamp (IST): 2025-12-15 12:07:35
Station code: KDBM
File name: Terminal_Symbols_Centered_Fixed_Size_2025-12-15_12-07-31.pdf
Full file MD5: 4a4cfaa31d676125320250de8df6e643

--------------------------------------------------
Metadata Checksum: 478004139bd54aa19bee2bafda525822
Metadata Data string: KDBM|57997|2025-12-15 12:08:48|Terminal_Symbols_Centered_Fixed_Size_2025-12-15_12-08-44.pdf
Initial file size: 57997 bytes
Final file size: 57997 bytes
Timestamp (IST): 2025-12-15 12:08:48
Station code: KDBM
File name: Terminal_Symbols_Centered_Fixed_Size_2025-12-15_12-08-44.pdf
Full file MD5: 4a4cfaa31d676125320250de8df6e643

--------------------------------------------------
Metadata Checksum: 3aac53b73be9f44e940b664743e40e57
Metadata Data string: KDBM|57997|2025-12-15 12:09:34|Terminal_Symbols_Centered_Fixed_Size_2025-12-15_12-09-28.pdf
Initial file size: 57997 bytes
Final file size: 57997 bytes
Timestamp (IST): 2025-12-15 12:09:34
Station code: KDBM
File name: Terminal_Symbols_Centered_Fixed_Size_2025-12-15_12-09-28.pdf
Full file MD5: 4a4cfaa31d676125320250de8df6e643

--------------------------------------------------
Metadata Checksum: 12a40bd5872f13c1f97840be0b64eed5
Metadata Data string: KDBM|57997|2025-12-15 12:19:31|Terminal_Symbols_Centered_Fixed_Size_2025-12-15_12-19-27.pdf
Initial file size: 57997 bytes
Final file size: 57997 bytes
Timestamp (IST): 2025-12-15 12:19:31
Station code: KDBM
File name: Terminal_Symbols_Centered_Fixed_Size_2025-12-15_12-19-27.pdf
Full file MD5: 4a4cfaa31d676125320250de8df6e643

--------------------------------------------------
Metadata Checksum: 259dc6e0b72b65350f63d3cf767111ef
Metadata Data string: KDBM|57997|2025-12-15 12:19:55|Terminal_Symbols_Centered_Fixed_Size_2025-12-15_12-19-51.pdf
Initial file size: 57997 bytes
Final file size: 57997 bytes
Timestamp (IST): 2025-12-15 12:19:55
Station code: KDBM
File name: Terminal_Symbols_Centered_Fixed_Size_2025-12-15_12-19-51.pdf
Full file MD5: 4a4cfaa31d676125320250de8df6e643

--------------------------------------------------
Metadata Checksum: 07b459206cb823b89c5e3e80f2d85060
Metadata Data string: KDBM|57997|2025-12-15 12:20:25|Terminal_Symbols_Centered_Fixed_Size_2025-12-15_12-20-20.pdf
Initial file size: 57997 bytes
Final file size: 57997 bytes
Timestamp (IST): 2025-12-15 12:20:25
Station code: KDBM
File name: Terminal_Symbols_Centered_Fixed_Size_2025-12-15_12-20-20.pdf
Full file MD5: 4a4cfaa31d676125320250de8df6e643

--------------------------------------------------
Metadata Checksum: 963bdcee67316b0be7f93d25869e676b
Metadata Data string: KDBM|57997|2025-12-15 12:21:03|Terminal_Symbols_Centered_Fixed_Size_2025-12-15_12-20-59.pdf
Initial file size: 57997 bytes
Final file size: 57997 bytes
Timestamp (IST): 2025-12-15 12:21:03
Station code: KDBM
File name: Terminal_Symbols_Centered_Fixed_Size_2025-12-15_12-20-59.pdf
Full file MD5: 4a4cfaa31d676125320250de8df6e643

--------------------------------------------------
Metadata Checksum: 318e9052059f578f7e3230bd67c8d087
Metadata Data string: KDBM|57997|2025-12-15 12:33:32|Terminal_Symbols_Centered_Fixed_Size_2025-12-15_12-33-28.pdf
Initial file size: 57997 bytes
Final file size: 57997 bytes
Timestamp (IST): 2025-12-15 12:33:32
Station code: KDBM
File name: Terminal_Symbols_Centered_Fixed_Size_2025-12-15_12-33-28.pdf
Full file MD5: 4a4cfaa31d676125320250de8df6e643

--------------------------------------------------
Metadata Checksum: 678ed82d5460dbd8ecf6e651c8265063
Metadata Data string: KDBM|57997|2025-12-15 12:33:57|Terminal_Symbols_Centered_Fixed_Size_2025-12-15_12-33-51.pdf
Initial file size: 57997 bytes
Final file size: 57997 bytes
Timestamp (IST): 2025-12-15 12:33:57
Station code: KDBM
File name: Terminal_Symbols_Centered_Fixed_Size_2025-12-15_12-33-51.pdf
Full file MD5: 4a4cfaa31d676125320250de8df6e643

--------------------------------------------------
Metadata Checksum: a4b11ee9e2155dac298c61ac2a96d541
Metadata Data string: KDBM|57997|2025-12-15 12:43:21|Terminal_Symbols_Centered_Fixed_Size_2025-12-15_12-43-17.pdf
Initial file size: 57997 bytes
Final file size: 57997 bytes
Timestamp (IST): 2025-12-15 12:43:21
Station code: KDBM
File name: Terminal_Symbols_Centered_Fixed_Size_2025-12-15_12-43-17.pdf
Full file MD5: 4a4cfaa31d676125320250de8df6e643

--------------------------------------------------
Metadata Checksum: f68fd543f4106f3bed905168f52f15a6
Metadata Data string: KDBM|57997|2025-12-15 12:43:43|Terminal_Symbols_Centered_Fixed_Size_2025-12-15_12-43-39.pdf
Initial file size: 57997 bytes
Final file size: 57997 bytes
Timestamp (IST): 2025-12-15 12:43:43
Station code: KDBM
File name: Terminal_Symbols_Centered_Fixed_Size_2025-12-15_12-43-39.pdf
Full file MD5: 4a4cfaa31d676125320250de8df6e643

--------------------------------------------------
Metadata Checksum: 2f6fde386e1c7a5ee07f13dea04610dd
Metadata Data string: KDBM|57997|2025-12-15 12:44:13|Terminal_Symbols_Centered_Fixed_Size_2025-12-15_12-44-09.pdf
Initial file size: 57997 bytes
Final file size: 57997 bytes
Timestamp (IST): 2025-12-15 12:44:13
Station code: KDBM
File name: Terminal_Symbols_Centered_Fixed_Size_2025-12-15_12-44-09.pdf
Full file MD5: 4a4cfaa31d676125320250de8df6e643

--------------------------------------------------
Metadata Checksum: 2ce9a070a1685d2c9be21148f5a54f5e
Metadata Data string: KDBM|57997|2025-12-15 12:44:33|Terminal_Symbols_Centered_Fixed_Size_2025-12-15_12-44-29.pdf
Initial file size: 57997 bytes
Final file size: 57997 bytes
Timestamp (IST): 2025-12-15 12:44:33
Station code: KDBM
File name: Terminal_Symbols_Centered_Fixed_Size_2025-12-15_12-44-29.pdf
Full file MD5: 4a4cfaa31d676125320250de8df6e643

--------------------------------------------------
Metadata Checksum: b060a520bf3f19b01d5e9ac28d359718
Metadata Data string: KDBM|57997|2025-12-15 12:44:47|Terminal_Symbols_Centered_Fixed_Size_2025-12-15_12-44-43.pdf
Initial file size: 57997 bytes
Final file size: 57997 bytes
Timestamp (IST): 2025-12-15 12:44:47
Station code: KDBM
File name: Terminal_Symbols_Centered_Fixed_Size_2025-12-15_12-44-43.pdf
Full file MD5: 4a4cfaa31d676125320250de8df6e643

--------------------------------------------------
Metadata Checksum: c7b090ee05362b468d27bb8611ea6d61
Metadata Data string: KDBM|57997|2025-12-15 12:45:06|Terminal_Symbols_Centered_Fixed_Size_2025-12-15_12-45-02.pdf
Initial file size: 57997 bytes
Final file size: 57997 bytes
Timestamp (IST): 2025-12-15 12:45:06
Station code: KDBM
File name: Terminal_Symbols_Centered_Fixed_Size_2025-12-15_12-45-02.pdf
Full file MD5: 4a4cfaa31d676125320250de8df6e643

--------------------------------------------------
Metadata Checksum: 0c34fe725a9cea8e475fc465b36f875e
Metadata Data string: KDBM|57997|2025-12-15 12:46:17|Terminal_Symbols_Centered_Fixed_Size_2025-12-15_12-46-12.pdf
Initial file size: 57997 bytes
Final file size: 57997 bytes
Timestamp (IST): 2025-12-15 12:46:17
Station code: KDBM
File name: Terminal_Symbols_Centered_Fixed_Size_2025-12-15_12-46-12.pdf
Full file MD5: 4a4cfaa31d676125320250de8df6e643

--------------------------------------------------
Metadata Checksum: 6dd625b6afb64410841881eeaf0228b8
Metadata Data string: KDBM|57997|2025-12-15 12:46:44|Terminal_Symbols_Centered_Fixed_Size_2025-12-15_12-46-40.pdf
Initial file size: 57997 bytes
Final file size: 57997 bytes
Timestamp (IST): 2025-12-15 12:46:44
Station code: KDBM
File name: Terminal_Symbols_Centered_Fixed_Size_2025-12-15_12-46-40.pdf
Full file MD5: 4a4cfaa31d676125320250de8df6e643

--------------------------------------------------
Metadata Checksum: 2fd544a894b2773bd4ab0d1a3f5285a9
Metadata Data string: KDBM|57997|2025-12-15 12:47:10|Terminal_Symbols_Centered_Fixed_Size_2025-12-15_12-47-05.pdf
Initial file size: 57997 bytes
Final file size: 57997 bytes
Timestamp (IST): 2025-12-15 12:47:10
Station code: KDBM
File name: Terminal_Symbols_Centered_Fixed_Size_2025-12-15_12-47-05.pdf
Full file MD5: 4a4cfaa31d676125320250de8df6e643

--------------------------------------------------
Metadata Checksum: 0027b2626a90cd542404d24a9d0eca45
Metadata Data string: KDBM|57997|2025-12-15 12:48:44|Terminal_Symbols_Centered_Fixed_Size_2025-12-15_12-48-39.pdf
Initial file size: 57997 bytes
Final file size: 57997 bytes
Timestamp (IST): 2025-12-15 12:48:44
Station code: KDBM
File name: Terminal_Symbols_Centered_Fixed_Size_2025-12-15_12-48-39.pdf
Full file MD5: 4a4cfaa31d676125320250de8df6e643

--------------------------------------------------
Metadata Checksum: d9c9480a58810c1d146c5f2f6d156ed1
Metadata Data string: KDBM|57997|2025-12-15 12:49:06|Terminal_Symbols_Centered_Fixed_Size_2025-12-15_12-49-03.pdf
Initial file size: 57997 bytes
Final file size: 57997 bytes
Timestamp (IST): 2025-12-15 12:49:06
Station code: KDBM
File name: Terminal_Symbols_Centered_Fixed_Size_2025-12-15_12-49-03.pdf
Full file MD5: 4a4cfaa31d676125320250de8df6e643

--------------------------------------------------
Metadata Checksum: 0c5f6c96219bc34d566c4dd20c6f4a78
Metadata Data string: KDBM|57997|2025-12-15 12:49:34|Terminal_Symbols_Centered_Fixed_Size_2025-12-15_12-49-31.pdf
Initial file size: 57997 bytes
Final file size: 57997 bytes
Timestamp (IST): 2025-12-15 12:49:34
Station code: KDBM
File name: Terminal_Symbols_Centered_Fixed_Size_2025-12-15_12-49-31.pdf
Full file MD5: 4a4cfaa31d676125320250de8df6e643

--------------------------------------------------
Metadata Checksum: 24925a364a0447d5e2acd860255266c5
Metadata Data string: KDBM|57997|2025-12-15 12:50:43|Terminal_Symbols_Centered_Fixed_Size_2025-12-15_12-50-39.pdf
Initial file size: 57997 bytes
Final file size: 57997 bytes
Timestamp (IST): 2025-12-15 12:50:43
Station code: KDBM
File name: Terminal_Symbols_Centered_Fixed_Size_2025-12-15_12-50-39.pdf
Full file MD5: 4a4cfaa31d676125320250de8df6e643

--------------------------------------------------
Metadata Checksum: 4bc50f4043f825c988d227eec86640c6
Metadata Data string: KDBM|57997|2025-12-15 12:50:56|Terminal_Symbols_Centered_Fixed_Size_2025-12-15_12-50-52.pdf
Initial file size: 57997 bytes
Final file size: 57997 bytes
Timestamp (IST): 2025-12-15 12:50:56
Station code: KDBM
File name: Terminal_Symbols_Centered_Fixed_Size_2025-12-15_12-50-52.pdf
Full file MD5: 4a4cfaa31d676125320250de8df6e643

--------------------------------------------------
Metadata Checksum: 154c23442a6c2a431090ab9f1394d4b7
Metadata Data string: KDBM|57997|2025-12-15 12:51:08|Terminal_Symbols_Centered_Fixed_Size_2025-12-15_12-51-05.pdf
Initial file size: 57997 bytes
Final file size: 57997 bytes
Timestamp (IST): 2025-12-15 12:51:08
Station code: KDBM
File name: Terminal_Symbols_Centered_Fixed_Size_2025-12-15_12-51-05.pdf
Full file MD5: 4a4cfaa31d676125320250de8df6e643

--------------------------------------------------
Metadata Checksum: 85fff163064e2e9a1c0282dfbd6f33f9
Metadata Data string: KDBM|57997|2025-12-15 12:52:13|Terminal_Symbols_Centered_Fixed_Size_2025-12-15_12-52-09.pdf
Initial file size: 57997 bytes
Final file size: 57997 bytes
Timestamp (IST): 2025-12-15 12:52:13
Station code: KDBM
File name: Terminal_Symbols_Centered_Fixed_Size_2025-12-15_12-52-09.pdf
Full file MD5: 4a4cfaa31d676125320250de8df6e643

--------------------------------------------------
Metadata Checksum: d4862c5393cd3221b0135630a7a95819
Metadata Data string: KDBM|57997|2025-12-15 12:52:34|Terminal_Symbols_Centered_Fixed_Size_2025-12-15_12-52-30.pdf
Initial file size: 57997 bytes
Final file size: 57997 bytes
Timestamp (IST): 2025-12-15 12:52:34
Station code: KDBM
File name: Terminal_Symbols_Centered_Fixed_Size_2025-12-15_12-52-30.pdf
Full file MD5: 4a4cfaa31d676125320250de8df6e643

--------------------------------------------------
Metadata Checksum: 5760cce181d4f59ac5dbef372888b662
Metadata Data string: KDBM|57997|2025-12-15 12:52:59|Terminal_Symbols_Centered_Fixed_Size_2025-12-15_12-52-56.pdf
Initial file size: 57997 bytes
Final file size: 57997 bytes
Timestamp (IST): 2025-12-15 12:52:59
Station code: KDBM
File name: Terminal_Symbols_Centered_Fixed_Size_2025-12-15_12-52-56.pdf
Full file MD5: 4a4cfaa31d676125320250de8df6e643

--------------------------------------------------
Metadata Checksum: cce30ba340c306984f934f3ef9a4e877
Metadata Data string: KDBM|57997|2025-12-15 12:54:25|Terminal_Symbols_Centered_Fixed_Size_2025-12-15_12-54-21.pdf
Initial file size: 57997 bytes
Final file size: 57997 bytes
Timestamp (IST): 2025-12-15 12:54:25
Station code: KDBM
File name: Terminal_Symbols_Centered_Fixed_Size_2025-12-15_12-54-21.pdf
Full file MD5: 4a4cfaa31d676125320250de8df6e643

--------------------------------------------------
Metadata Checksum: 732efdc4227d2efcc54f14833c1e7a86
Metadata Data string: KDBM|57997|2025-12-15 12:54:41|Terminal_Symbols_Centered_Fixed_Size_2025-12-15_12-54-38.pdf
Initial file size: 57997 bytes
Final file size: 57997 bytes
Timestamp (IST): 2025-12-15 12:54:41
Station code: KDBM
File name: Terminal_Symbols_Centered_Fixed_Size_2025-12-15_12-54-38.pdf
Full file MD5: 4a4cfaa31d676125320250de8df6e643

--------------------------------------------------
Metadata Checksum: 9c0ffd4da93f81b8a9bfd460931510f9
Metadata Data string: KDBM|57997|2025-12-15 12:55:15|Terminal_Symbols_Centered_Fixed_Size_2025-12-15_12-55-09.pdf
Initial file size: 57997 bytes
Final file size: 57997 bytes
Timestamp (IST): 2025-12-15 12:55:15
Station code: KDBM
File name: Terminal_Symbols_Centered_Fixed_Size_2025-12-15_12-55-09.pdf
Full file MD5: 4a4cfaa31d676125320250de8df6e643

--------------------------------------------------
Metadata Checksum: 25ced2d331d20f5dd37f1b4dfdba92e4
Metadata Data string: KDBM|57997|2025-12-15 12:56:28|Terminal_Symbols_Centered_Fixed_Size_2025-12-15_12-56-24.pdf
Initial file size: 57997 bytes
Final file size: 57997 bytes
Timestamp (IST): 2025-12-15 12:56:28
Station code: KDBM
File name: Terminal_Symbols_Centered_Fixed_Size_2025-12-15_12-56-24.pdf
Full file MD5: 4a4cfaa31d676125320250de8df6e643

--------------------------------------------------
Metadata Checksum: ebc0bcf477c43d97ca03a32cf93b2e60
Metadata Data string: KDBM|57997|2025-12-15 12:56:42|Terminal_Symbols_Centered_Fixed_Size_2025-12-15_12-56-38.pdf
Initial file size: 57997 bytes
Final file size: 57997 bytes
Timestamp (IST): 2025-12-15 12:56:42
Station code: KDBM
File name: Terminal_Symbols_Centered_Fixed_Size_2025-12-15_12-56-38.pdf
Full file MD5: 4a4cfaa31d676125320250de8df6e643

--------------------------------------------------
Metadata Checksum: 6026950cbf5064d7ec4039b86f643fb2
Metadata Data string: KDBM|57997|2025-12-15 12:56:58|Terminal_Symbols_Centered_Fixed_Size_2025-12-15_12-56-53.pdf
Initial file size: 57997 bytes
Final file size: 57997 bytes
Timestamp (IST): 2025-12-15 12:56:58
Station code: KDBM
File name: Terminal_Symbols_Centered_Fixed_Size_2025-12-15_12-56-53.pdf
Full file MD5: 4a4cfaa31d676125320250de8df6e643

--------------------------------------------------
Metadata Checksum: b6886484d848e749453ae005dbcad818
Metadata Data string: KDBM|57997|2025-12-15 12:57:57|Terminal_Symbols_Centered_Fixed_Size_2025-12-15_12-57-53.pdf
Initial file size: 57997 bytes
Final file size: 57997 bytes
Timestamp (IST): 2025-12-15 12:57:57
Station code: KDBM
File name: Terminal_Symbols_Centered_Fixed_Size_2025-12-15_12-57-53.pdf
Full file MD5: 4a4cfaa31d676125320250de8df6e643

--------------------------------------------------
Metadata Checksum: c7f1b03facc3f5dc2e01c5a918722b84
Metadata Data string: KDBM|57997|2025-12-15 12:58:18|Terminal_Symbols_Centered_Fixed_Size_2025-12-15_12-58-13.pdf
Initial file size: 57997 bytes
Final file size: 57997 bytes
Timestamp (IST): 2025-12-15 12:58:18
Station code: KDBM
File name: Terminal_Symbols_Centered_Fixed_Size_2025-12-15_12-58-13.pdf
Full file MD5: 4a4cfaa31d676125320250de8df6e643

--------------------------------------------------
Metadata Checksum: e7f60134151a75676467cb148ddbaf4a
Metadata Data string: KDBM|57997|2025-12-15 12:58:35|Terminal_Symbols_Centered_Fixed_Size_2025-12-15_12-58-31.pdf
Initial file size: 57997 bytes
Final file size: 57997 bytes
Timestamp (IST): 2025-12-15 12:58:35
Station code: KDBM
File name: Terminal_Symbols_Centered_Fixed_Size_2025-12-15_12-58-31.pdf
Full file MD5: 4a4cfaa31d676125320250de8df6e643

--------------------------------------------------
Metadata Checksum: 32917e1575095553bb318503980a7c4b
Metadata Data string: KDBM|57997|2025-12-15 12:59:25|Terminal_Symbols_Centered_Fixed_Size_2025-12-15_12-59-20.pdf
Initial file size: 57997 bytes
Final file size: 57997 bytes
Timestamp (IST): 2025-12-15 12:59:25
Station code: KDBM
File name: Terminal_Symbols_Centered_Fixed_Size_2025-12-15_12-59-20.pdf
Full file MD5: 4a4cfaa31d676125320250de8df6e643

--------------------------------------------------
Metadata Checksum: 71691de5759d42aa33f34fda4f3c54b4
Metadata Data string: KDBM|57997|2025-12-15 12:59:47|Terminal_Symbols_Centered_Fixed_Size_2025-12-15_12-59-42.pdf
Initial file size: 57997 bytes
Final file size: 57997 bytes
Timestamp (IST): 2025-12-15 12:59:47
Station code: KDBM
File name: Terminal_Symbols_Centered_Fixed_Size_2025-12-15_12-59-42.pdf
Full file MD5: 4a4cfaa31d676125320250de8df6e643

--------------------------------------------------
Metadata Checksum: 2a0f9ae4ceb3ff1585777e812a9f697e
Metadata Data string: KDBM|57997|2025-12-15 13:00:10|Terminal_Symbols_Centered_Fixed_Size_2025-12-15_13-00-06.pdf
Initial file size: 57997 bytes
Final file size: 57997 bytes
Timestamp (IST): 2025-12-15 13:00:10
Station code: KDBM
File name: Terminal_Symbols_Centered_Fixed_Size_2025-12-15_13-00-06.pdf
Full file MD5: 4a4cfaa31d676125320250de8df6e643

--------------------------------------------------
Metadata Checksum: 72217e6cbebe688aae4fe0c6d91a28bb
Metadata Data string: KDBM|57997|2025-12-15 13:01:10|Terminal_Symbols_Centered_Fixed_Size_2025-12-15_13-01-06.pdf
Initial file size: 57997 bytes
Final file size: 57997 bytes
Timestamp (IST): 2025-12-15 13:01:10
Station code: KDBM
File name: Terminal_Symbols_Centered_Fixed_Size_2025-12-15_13-01-06.pdf
Full file MD5: 4a4cfaa31d676125320250de8df6e643

--------------------------------------------------
Metadata Checksum: 5608a4ac7e9ef6deb752087025364cbe
Metadata Data string: KDBM|57997|2025-12-15 13:01:44|Terminal_Symbols_Centered_Fixed_Size_2025-12-15_13-01-40.pdf
Initial file size: 57997 bytes
Final file size: 57997 bytes
Timestamp (IST): 2025-12-15 13:01:44
Station code: KDBM
File name: Terminal_Symbols_Centered_Fixed_Size_2025-12-15_13-01-40.pdf
Full file MD5: 4a4cfaa31d676125320250de8df6e643

--------------------------------------------------
Metadata Checksum: 2f3eb16db066d6859f3f1e9af019ab89
Metadata Data string: KDBM|57997|2025-12-15 13:02:13|Terminal_Symbols_Centered_Fixed_Size_2025-12-15_13-02-08.pdf
Initial file size: 57997 bytes
Final file size: 57997 bytes
Timestamp (IST): 2025-12-15 13:02:13
Station code: KDBM
File name: Terminal_Symbols_Centered_Fixed_Size_2025-12-15_13-02-08.pdf
Full file MD5: 4a4cfaa31d676125320250de8df6e643

--------------------------------------------------
Metadata Checksum: 90e9d5c0d4ad314625898a3ea3117c5b
Metadata Data string: KDBM|57997|2025-12-15 13:03:19|Terminal_Symbols_Centered_Fixed_Size_2025-12-15_13-03-14.pdf
Initial file size: 57997 bytes
Final file size: 57997 bytes
Timestamp (IST): 2025-12-15 13:03:19
Station code: KDBM
File name: Terminal_Symbols_Centered_Fixed_Size_2025-12-15_13-03-14.pdf
Full file MD5: 4a4cfaa31d676125320250de8df6e643

--------------------------------------------------
Metadata Checksum: 1d06a5c0327817fe28eaad7a2e00c43b
Metadata Data string: KDBM|57997|2025-12-15 13:03:38|Terminal_Symbols_Centered_Fixed_Size_2025-12-15_13-03-34.pdf
Initial file size: 57997 bytes
Final file size: 57997 bytes
Timestamp (IST): 2025-12-15 13:03:38
Station code: KDBM
File name: Terminal_Symbols_Centered_Fixed_Size_2025-12-15_13-03-34.pdf
Full file MD5: 4a4cfaa31d676125320250de8df6e643

--------------------------------------------------
Metadata Checksum: 8a533541836b84cc942052ab4657d289
Metadata Data string: KDBM|57997|2025-12-15 13:04:00|Terminal_Symbols_Centered_Fixed_Size_2025-12-15_13-03-54.pdf
Initial file size: 57997 bytes
Final file size: 57997 bytes
Timestamp (IST): 2025-12-15 13:04:00
Station code: KDBM
File name: Terminal_Symbols_Centered_Fixed_Size_2025-12-15_13-03-54.pdf
Full file MD5: 4a4cfaa31d676125320250de8df6e643

--------------------------------------------------
Metadata Checksum: 20a43eef35a3a1b2c9b44a45654d2446
Metadata Data string: KDBM|57997|2025-12-15 13:05:05|Terminal_Symbols_Centered_Fixed_Size_2025-12-15_13-05-01.pdf
Initial file size: 57997 bytes
Final file size: 57997 bytes
Timestamp (IST): 2025-12-15 13:05:05
Station code: KDBM
File name: Terminal_Symbols_Centered_Fixed_Size_2025-12-15_13-05-01.pdf
Full file MD5: 4a4cfaa31d676125320250de8df6e643

--------------------------------------------------
Metadata Checksum: eedfcf977e26c8e29cadcfa2fdfa0203
Metadata Data string: KDBM|57997|2025-12-15 13:05:23|Terminal_Symbols_Centered_Fixed_Size_2025-12-15_13-05-19.pdf
Initial file size: 57997 bytes
Final file size: 57997 bytes
Timestamp (IST): 2025-12-15 13:05:23
Station code: KDBM
File name: Terminal_Symbols_Centered_Fixed_Size_2025-12-15_13-05-19.pdf
Full file MD5: 4a4cfaa31d676125320250de8df6e643

--------------------------------------------------
Metadata Checksum: e4fdec64aa5f7745b250fb139bc49f2d
Metadata Data string: KDBM|57997|2025-12-15 13:05:36|Terminal_Symbols_Centered_Fixed_Size_2025-12-15_13-05-32.pdf
Initial file size: 57997 bytes
Final file size: 57997 bytes
Timestamp (IST): 2025-12-15 13:05:36
Station code: KDBM
File name: Terminal_Symbols_Centered_Fixed_Size_2025-12-15_13-05-32.pdf
Full file MD5: 4a4cfaa31d676125320250de8df6e643

--------------------------------------------------
Metadata Checksum: 9f8cdcf4ca54ad0008256c8e36f240ad
Metadata Data string: KDBM|57997|2025-12-15 13:06:45|Terminal_Symbols_Centered_Fixed_Size_2025-12-15_13-06-41.pdf
Initial file size: 57997 bytes
Final file size: 57997 bytes
Timestamp (IST): 2025-12-15 13:06:45
Station code: KDBM
File name: Terminal_Symbols_Centered_Fixed_Size_2025-12-15_13-06-41.pdf
Full file MD5: 4a4cfaa31d676125320250de8df6e643

--------------------------------------------------
Metadata Checksum: fc70b19bed1da3c4e6f7949c934e7c6c
Metadata Data string: KDBM|57997|2025-12-15 13:07:12|Terminal_Symbols_Centered_Fixed_Size_2025-12-15_13-07-08.pdf
Initial file size: 57997 bytes
Final file size: 57997 bytes
Timestamp (IST): 2025-12-15 13:07:12
Station code: KDBM
File name: Terminal_Symbols_Centered_Fixed_Size_2025-12-15_13-07-08.pdf
Full file MD5: 4a4cfaa31d676125320250de8df6e643

--------------------------------------------------
Metadata Checksum: 26c33397450a41eda8a8677a1b3d3239
Metadata Data string: KDBM|57997|2025-12-15 13:07:44|Terminal_Symbols_Centered_Fixed_Size_2025-12-15_13-07-40.pdf
Initial file size: 57997 bytes
Final file size: 57997 bytes
Timestamp (IST): 2025-12-15 13:07:44
Station code: KDBM
File name: Terminal_Symbols_Centered_Fixed_Size_2025-12-15_13-07-40.pdf
Full file MD5: 4a4cfaa31d676125320250de8df6e643

--------------------------------------------------
Metadata Checksum: 12c22649695d76bd9eb5b4b0cfdd6d89
Metadata Data string: KDBM|57997|2025-12-15 13:08:54|Terminal_Symbols_Centered_Fixed_Size_2025-12-15_13-08-50.pdf
Initial file size: 57997 bytes
Final file size: 57997 bytes
Timestamp (IST): 2025-12-15 13:08:54
Station code: KDBM
File name: Terminal_Symbols_Centered_Fixed_Size_2025-12-15_13-08-50.pdf
Full file MD5: 4a4cfaa31d676125320250de8df6e643

--------------------------------------------------
Metadata Checksum: fedc3609a61fa5c379f9937d844b6b78
Metadata Data string: KDBM|57997|2025-12-15 13:09:18|Terminal_Symbols_Centered_Fixed_Size_2025-12-15_13-09-12.pdf
Initial file size: 57997 bytes
Final file size: 57997 bytes
Timestamp (IST): 2025-12-15 13:09:18
Station code: KDBM
File name: Terminal_Symbols_Centered_Fixed_Size_2025-12-15_13-09-12.pdf
Full file MD5: 4a4cfaa31d676125320250de8df6e643

--------------------------------------------------
Metadata Checksum: a347bf0cbee28dd1931851542d85edc4
Metadata Data string: KDBM|57997|2025-12-15 13:09:36|Terminal_Symbols_Centered_Fixed_Size_2025-12-15_13-09-31.pdf
Initial file size: 57997 bytes
Final file size: 57997 bytes
Timestamp (IST): 2025-12-15 13:09:36
Station code: KDBM
File name: Terminal_Symbols_Centered_Fixed_Size_2025-12-15_13-09-31.pdf
Full file MD5: 4a4cfaa31d676125320250de8df6e643

--------------------------------------------------
Metadata Checksum: 423f58f37cadc04cd96171e98d3f731f
Metadata Data string: KDBM|57997|2025-12-15 13:10:46|Terminal_Symbols_Centered_Fixed_Size_2025-12-15_13-10-42.pdf
Initial file size: 57997 bytes
Final file size: 57997 bytes
Timestamp (IST): 2025-12-15 13:10:46
Station code: KDBM
File name: Terminal_Symbols_Centered_Fixed_Size_2025-12-15_13-10-42.pdf
Full file MD5: 4a4cfaa31d676125320250de8df6e643

--------------------------------------------------
Metadata Checksum: 8b859296288da4fa1800fa40af0a8f4c
Metadata Data string: KDBM|57997|2025-12-15 13:11:14|Terminal_Symbols_Centered_Fixed_Size_2025-12-15_13-11-10.pdf
Initial file size: 57997 bytes
Final file size: 57997 bytes
Timestamp (IST): 2025-12-15 13:11:14
Station code: KDBM
File name: Terminal_Symbols_Centered_Fixed_Size_2025-12-15_13-11-10.pdf
Full file MD5: 4a4cfaa31d676125320250de8df6e643

--------------------------------------------------
Metadata Checksum: a79a287e0fe8787e54611d48e0d71be4
Metadata Data string: KDBM|57997|2025-12-15 13:11:33|Terminal_Symbols_Centered_Fixed_Size_2025-12-15_13-11-29.pdf
Initial file size: 57997 bytes
Final file size: 57997 bytes
Timestamp (IST): 2025-12-15 13:11:33
Station code: KDBM
File name: Terminal_Symbols_Centered_Fixed_Size_2025-12-15_13-11-29.pdf
Full file MD5: 4a4cfaa31d676125320250de8df6e643

--------------------------------------------------
Metadata Checksum: 574e5883f9018a5cee980313316fe47b
Metadata Data string: KDBM|57997|2025-12-15 13:49:44|Terminal_Symbols_Centered_Fixed_Size_2025-12-15_13-49-40.pdf
Initial file size: 57997 bytes
Final file size: 57997 bytes
Timestamp (IST): 2025-12-15 13:49:44
Station code: KDBM
File name: Terminal_Symbols_Centered_Fixed_Size_2025-12-15_13-49-40.pdf
Full file MD5: 4a4cfaa31d676125320250de8df6e643

--------------------------------------------------
Metadata Checksum: ab3873c57aae5b9f557a0359adb9dd69
Metadata Data string: KDBM|57997|2025-12-15 13:50:06|Terminal_Symbols_Centered_Fixed_Size_2025-12-15_13-50-02.pdf
Initial file size: 57997 bytes
Final file size: 57997 bytes
Timestamp (IST): 2025-12-15 13:50:06
Station code: KDBM
File name: Terminal_Symbols_Centered_Fixed_Size_2025-12-15_13-50-02.pdf
Full file MD5: 4a4cfaa31d676125320250de8df6e643

--------------------------------------------------
Metadata Checksum: 840c9c010aaadb8ba6589772d205292e
Metadata Data string: KDBM|57997|2025-12-15 13:50:32|Terminal_Symbols_Centered_Fixed_Size_2025-12-15_13-50-28.pdf
Initial file size: 57997 bytes
Final file size: 57997 bytes
Timestamp (IST): 2025-12-15 13:50:32
Station code: KDBM
File name: Terminal_Symbols_Centered_Fixed_Size_2025-12-15_13-50-28.pdf
Full file MD5: 4a4cfaa31d676125320250de8df6e643

--------------------------------------------------
Metadata Checksum: 7618c53c64ffd35e9f686f23ee401184
Metadata Data string: KDBM|57997|2025-12-15 13:51:17|Terminal_Symbols_Centered_Fixed_Size_2025-12-15_13-51-13.pdf
Initial file size: 57997 bytes
Final file size: 57997 bytes
Timestamp (IST): 2025-12-15 13:51:17
Station code: KDBM
File name: Terminal_Symbols_Centered_Fixed_Size_2025-12-15_13-51-13.pdf
Full file MD5: 4a4cfaa31d676125320250de8df6e643

--------------------------------------------------
Metadata Checksum: 0e47d7eb235342ef09113fc0d65ee954
Metadata Data string: KDBM|57997|2025-12-15 13:54:09|Terminal_Symbols_Centered_Fixed_Size_2025-12-15_13-54-05.pdf
Initial file size: 57997 bytes
Final file size: 57997 bytes
Timestamp (IST): 2025-12-15 13:54:09
Station code: KDBM
File name: Terminal_Symbols_Centered_Fixed_Size_2025-12-15_13-54-05.pdf
Full file MD5: 4a4cfaa31d676125320250de8df6e643

--------------------------------------------------
Metadata Checksum: 897c7f452918a8779b8d1c5f977e3f0f
Metadata Data string: KDBM|57997|2025-12-15 13:54:54|Terminal_Symbols_Centered_Fixed_Size_2025-12-15_13-54-50.pdf
Initial file size: 57997 bytes
Final file size: 57997 bytes
Timestamp (IST): 2025-12-15 13:54:54
Station code: KDBM
File name: Terminal_Symbols_Centered_Fixed_Size_2025-12-15_13-54-50.pdf
Full file MD5: 4a4cfaa31d676125320250de8df6e643

--------------------------------------------------
Metadata Checksum: 6f835da967942ab4a62c01f2c27362e5
Metadata Data string: KDBM|57997|2025-12-15 13:55:23|Terminal_Symbols_Centered_Fixed_Size_2025-12-15_13-55-20.pdf
Initial file size: 57997 bytes
Final file size: 57997 bytes
Timestamp (IST): 2025-12-15 13:55:23
Station code: KDBM
File name: Terminal_Symbols_Centered_Fixed_Size_2025-12-15_13-55-20.pdf
Full file MD5: 4a4cfaa31d676125320250de8df6e643

--------------------------------------------------
Metadata Checksum: 9ed995a4a15c43206a952cab5ca72a95
Metadata Data string: KDBM|57997|2025-12-15 13:56:07|Terminal_Symbols_Centered_Fixed_Size_2025-12-15_13-56-03.pdf
Initial file size: 57997 bytes
Final file size: 57997 bytes
Timestamp (IST): 2025-12-15 13:56:07
Station code: KDBM
File name: Terminal_Symbols_Centered_Fixed_Size_2025-12-15_13-56-03.pdf
Full file MD5: 4a4cfaa31d676125320250de8df6e643

--------------------------------------------------
Metadata Checksum: 230b6e5bb8b5204142198e776fa6e5fb
Metadata Data string: KDBM|57997|2025-12-15 13:56:24|Terminal_Symbols_Centered_Fixed_Size_2025-12-15_13-56-19.pdf
Initial file size: 57997 bytes
Final file size: 57997 bytes
Timestamp (IST): 2025-12-15 13:56:24
Station code: KDBM
File name: Terminal_Symbols_Centered_Fixed_Size_2025-12-15_13-56-19.pdf
Full file MD5: 4a4cfaa31d676125320250de8df6e643

--------------------------------------------------
Metadata Checksum: 2128dc6784566d10defd3edafd081083
Metadata Data string: KDBM|57997|2025-12-15 14:02:58|Terminal_Symbols_Centered_Fixed_Size_2025-12-15_14-02-53.pdf
Initial file size: 57997 bytes
Final file size: 57997 bytes
Timestamp (IST): 2025-12-15 14:02:58
Station code: KDBM
File name: Terminal_Symbols_Centered_Fixed_Size_2025-12-15_14-02-53.pdf
Full file MD5: 4a4cfaa31d676125320250de8df6e643

--------------------------------------------------
Metadata Checksum: 0d489200ad2527199190c165e6886c39
Metadata Data string: KDBM|57997|2025-12-15 14:03:25|Terminal_Symbols_Centered_Fixed_Size_2025-12-15_14-03-17.pdf
Initial file size: 57997 bytes
Final file size: 57997 bytes
Timestamp (IST): 2025-12-15 14:03:25
Station code: KDBM
File name: Terminal_Symbols_Centered_Fixed_Size_2025-12-15_14-03-17.pdf
Full file MD5: 4a4cfaa31d676125320250de8df6e643

--------------------------------------------------
Metadata Checksum: 74b2fab2d7e66851df38a2cdc2cfbe13
Metadata Data string: KDBM|57997|2025-12-15 14:04:09|Terminal_Symbols_Centered_Fixed_Size_2025-12-15_14-04-05.pdf
Initial file size: 57997 bytes
Final file size: 57997 bytes
Timestamp (IST): 2025-12-15 14:04:09
Station code: KDBM
File name: Terminal_Symbols_Centered_Fixed_Size_2025-12-15_14-04-05.pdf
Full file MD5: 4a4cfaa31d676125320250de8df6e643

--------------------------------------------------
Metadata Checksum: a014223318a4f48f46463e4009304187
Metadata Data string: KDBM|57997|2025-12-15 14:04:49|Terminal_Symbols_Centered_Fixed_Size_2025-12-15_14-04-43.pdf
Initial file size: 57997 bytes
Final file size: 57997 bytes
Timestamp (IST): 2025-12-15 14:04:49
Station code: KDBM
File name: Terminal_Symbols_Centered_Fixed_Size_2025-12-15_14-04-43.pdf
Full file MD5: 4a4cfaa31d676125320250de8df6e643

--------------------------------------------------
Metadata Checksum: e2fb4afe1188de353d5af1c91c285b98
Metadata Data string: KDBM|57997|2025-12-15 14:12:45|Terminal_Symbols_Centered_Fixed_Size_2025-12-15_14-12-41.pdf
Initial file size: 57997 bytes
Final file size: 57997 bytes
Timestamp (IST): 2025-12-15 14:12:45
Station code: KDBM
File name: Terminal_Symbols_Centered_Fixed_Size_2025-12-15_14-12-41.pdf
Full file MD5: 4a4cfaa31d676125320250de8df6e643

--------------------------------------------------
Metadata Checksum: 53e8277bb1c798f6b407816dffd336ac
Metadata Data string: KDBM|57997|2025-12-15 14:13:34|Terminal_Symbols_Centered_Fixed_Size_2025-12-15_14-13-30.pdf
Initial file size: 57997 bytes
Final file size: 57997 bytes
Timestamp (IST): 2025-12-15 14:13:34
Station code: KDBM
File name: Terminal_Symbols_Centered_Fixed_Size_2025-12-15_14-13-30.pdf
Full file MD5: 4a4cfaa31d676125320250de8df6e643

--------------------------------------------------
Metadata Checksum: 7e77ac51f22165d044985cbe3255cc26
Metadata Data string: KDBM|57997|2025-12-15 14:14:11|Terminal_Symbols_Centered_Fixed_Size_2025-12-15_14-14-07.pdf
Initial file size: 57997 bytes
Final file size: 57997 bytes
Timestamp (IST): 2025-12-15 14:14:11
Station code: KDBM
File name: Terminal_Symbols_Centered_Fixed_Size_2025-12-15_14-14-07.pdf
Full file MD5: 4a4cfaa31d676125320250de8df6e643

--------------------------------------------------
Metadata Checksum: 5d0db6cbc02ae63a11d32a5c1bc5dd39
Metadata Data string: KDBM|57997|2025-12-15 14:17:12|Terminal_Symbols_Centered_Fixed_Size_2025-12-15_14-17-07.pdf
Initial file size: 57997 bytes
Final file size: 57997 bytes
Timestamp (IST): 2025-12-15 14:17:12
Station code: KDBM
File name: Terminal_Symbols_Centered_Fixed_Size_2025-12-15_14-17-07.pdf
Full file MD5: 4a4cfaa31d676125320250de8df6e643

--------------------------------------------------
Metadata Checksum: 890bf14c3f59e5c1c3a654956aec805c
Metadata Data string: KDBM|57997|2025-12-15 14:19:43|Terminal_Symbols_Centered_Fixed_Size_2025-12-15_14-19-40.pdf
Initial file size: 57997 bytes
Final file size: 57997 bytes
Timestamp (IST): 2025-12-15 14:19:43
Station code: KDBM
File name: Terminal_Symbols_Centered_Fixed_Size_2025-12-15_14-19-40.pdf
Full file MD5: 4a4cfaa31d676125320250de8df6e643

--------------------------------------------------
Metadata Checksum: db1b517fc7dd6a9528f57f1157369f60
Metadata Data string: KDBM|57997|2025-12-15 14:22:48|Terminal_Symbols_Centered_Fixed_Size_2025-12-15_14-22-43.pdf
Initial file size: 57997 bytes
Final file size: 57997 bytes
Timestamp (IST): 2025-12-15 14:22:48
Station code: KDBM
File name: Terminal_Symbols_Centered_Fixed_Size_2025-12-15_14-22-43.pdf
Full file MD5: 4a4cfaa31d676125320250de8df6e643

--------------------------------------------------
Metadata Checksum: 7318ff559262080414b0903b1a03e894
Metadata Data string: KDBM|57997|2025-12-15 14:31:18|Terminal_Symbols_Centered_Fixed_Size_2025-12-15_14-31-13.pdf
Initial file size: 57997 bytes
Final file size: 57997 bytes
Timestamp (IST): 2025-12-15 14:31:18
Station code: KDBM
File name: Terminal_Symbols_Centered_Fixed_Size_2025-12-15_14-31-13.pdf
Full file MD5: 4a4cfaa31d676125320250de8df6e643

--------------------------------------------------
Metadata Checksum: 8fb76e2df0d691b183e62533e607a075
Metadata Data string: KDBM|57997|2025-12-15 14:37:07|Terminal_Symbols_Centered_Fixed_Size_2025-12-15_14-37-03.pdf
Initial file size: 57997 bytes
Final file size: 57997 bytes
Timestamp (IST): 2025-12-15 14:37:07
Station code: KDBM
File name: Terminal_Symbols_Centered_Fixed_Size_2025-12-15_14-37-03.pdf
Full file MD5: 4a4cfaa31d676125320250de8df6e643

--------------------------------------------------
Metadata Checksum: 2306da4a9a783fd4cf03fd1587f58d21
Metadata Data string: KDBM|57997|2025-12-15 14:41:15|Terminal_Symbols_Centered_Fixed_Size_2025-12-15_14-41-11.pdf
Initial file size: 57997 bytes
Final file size: 57997 bytes
Timestamp (IST): 2025-12-15 14:41:15
Station code: KDBM
File name: Terminal_Symbols_Centered_Fixed_Size_2025-12-15_14-41-11.pdf
Full file MD5: 4a4cfaa31d676125320250de8df6e643

--------------------------------------------------
Metadata Checksum: 830a40424e1ceab42b7dd150b31c65c6
Metadata Data string: KDBM|57997|2025-12-15 14:46:05|Terminal_Symbols_Centered_Fixed_Size_2025-12-15_14-46-01.pdf
Initial file size: 57997 bytes
Final file size: 57997 bytes
Timestamp (IST): 2025-12-15 14:46:05
Station code: KDBM
File name: Terminal_Symbols_Centered_Fixed_Size_2025-12-15_14-46-01.pdf
Full file MD5: 4a4cfaa31d676125320250de8df6e643

--------------------------------------------------
Metadata Checksum: 2ecb1685383545c1c882e376a327b215
Metadata Data string: KDBM|57997|2025-12-15 14:53:11|Terminal_Symbols_Centered_Fixed_Size_2025-12-15_14-53-06.pdf
Initial file size: 57997 bytes
Final file size: 57997 bytes
Timestamp (IST): 2025-12-15 14:53:11
Station code: KDBM
File name: Terminal_Symbols_Centered_Fixed_Size_2025-12-15_14-53-06.pdf
Full file MD5: 4a4cfaa31d676125320250de8df6e643

--------------------------------------------------
Metadata Checksum: 2622337a35f95cfa50a47ecaca106756
Metadata Data string: KDBM|57997|2025-12-15 15:06:14|Terminal_Symbols_Centered_Fixed_Size_2025-12-15_15-06-10.pdf
Initial file size: 57997 bytes
Final file size: 57997 bytes
Timestamp (IST): 2025-12-15 15:06:14
Station code: KDBM
File name: Terminal_Symbols_Centered_Fixed_Size_2025-12-15_15-06-10.pdf
Full file MD5: 4a4cfaa31d676125320250de8df6e643

--------------------------------------------------
Metadata Checksum: 2d6a136cf3e51f2e4c0313c96be879d0
Metadata Data string: KDBM|57997|2025-12-15 15:10:04|Terminal_Symbols_Centered_Fixed_Size_2025-12-15_15-09-59.pdf
Initial file size: 57997 bytes
Final file size: 57997 bytes
Timestamp (IST): 2025-12-15 15:10:04
Station code: KDBM
File name: Terminal_Symbols_Centered_Fixed_Size_2025-12-15_15-09-59.pdf
Full file MD5: 4a4cfaa31d676125320250de8df6e643

--------------------------------------------------
Metadata Checksum: 2d25d5c2b8154a8374c0d3f57e73eb04
Metadata Data string: KDBM|57997|2025-12-15 15:18:17|Terminal_Symbols_Centered_Fixed_Size_2025-12-15_15-18-11.pdf
Initial file size: 57997 bytes
Final file size: 57997 bytes
Timestamp (IST): 2025-12-15 15:18:17
Station code: KDBM
File name: Terminal_Symbols_Centered_Fixed_Size_2025-12-15_15-18-11.pdf
Full file MD5: 4a4cfaa31d676125320250de8df6e643

--------------------------------------------------
Metadata Checksum: 8b015ea27d88a2a266c39f3503f2df7d
Metadata Data string: KDBM|57997|2025-12-15 15:21:58|Terminal_Symbols_Centered_Fixed_Size_2025-12-15_15-21-53.pdf
Initial file size: 57997 bytes
Final file size: 57997 bytes
Timestamp (IST): 2025-12-15 15:21:58
Station code: KDBM
File name: Terminal_Symbols_Centered_Fixed_Size_2025-12-15_15-21-53.pdf
Full file MD5: 4a4cfaa31d676125320250de8df6e643

--------------------------------------------------
Metadata Checksum: 0c684b25b7b3d8dc1c0b96d59956d60f
Metadata Data string: KDBM|57997|2025-12-15 15:25:59|Terminal_Symbols_Centered_Fixed_Size_2025-12-15_15-25-54.pdf
Initial file size: 57997 bytes
Final file size: 57997 bytes
Timestamp (IST): 2025-12-15 15:25:59
Station code: KDBM
File name: Terminal_Symbols_Centered_Fixed_Size_2025-12-15_15-25-54.pdf
Full file MD5: 4a4cfaa31d676125320250de8df6e643

--------------------------------------------------
Metadata Checksum: fe314f0506d1c88b223b7245b7a5e58e
Metadata Data string: KDBM|57997|2025-12-15 15:28:16|Terminal_Symbols_Centered_Fixed_Size_2025-12-15_15-28-12.pdf
Initial file size: 57997 bytes
Final file size: 57997 bytes
Timestamp (IST): 2025-12-15 15:28:16
Station code: KDBM
File name: Terminal_Symbols_Centered_Fixed_Size_2025-12-15_15-28-12.pdf
Full file MD5: 4a4cfaa31d676125320250de8df6e643

--------------------------------------------------
Metadata Checksum: 8ba7187b454a3727cb38d0c3b8a10f0e
Metadata Data string: KDBM|57997|2025-12-15 15:39:55|Terminal_Symbols_Centered_Fixed_Size_2025-12-15_15-39-51.pdf
Initial file size: 57997 bytes
Final file size: 57997 bytes
Timestamp (IST): 2025-12-15 15:39:55
Station code: KDBM
File name: Terminal_Symbols_Centered_Fixed_Size_2025-12-15_15-39-51.pdf
Full file MD5: 4a4cfaa31d676125320250de8df6e643

--------------------------------------------------
Metadata Checksum: 11eb08eef9da34aa7a79183859a2ef1d
Metadata Data string: KDBM|57997|2025-12-15 15:45:32|Terminal_Symbols_Centered_Fixed_Size_2025-12-15_15-45-28.pdf
Initial file size: 57997 bytes
Final file size: 57997 bytes
Timestamp (IST): 2025-12-15 15:45:32
Station code: KDBM
File name: Terminal_Symbols_Centered_Fixed_Size_2025-12-15_15-45-28.pdf
Full file MD5: 4a4cfaa31d676125320250de8df6e643

--------------------------------------------------
Metadata Checksum: 4ed438e0907b06c928061783898c1dbc
Metadata Data string: KDBM|57997|2025-12-15 15:50:30|Terminal_Symbols_Centered_Fixed_Size_2025-12-15_15-50-26.pdf
Initial file size: 57997 bytes
Final file size: 57997 bytes
Timestamp (IST): 2025-12-15 15:50:30
Station code: KDBM
File name: Terminal_Symbols_Centered_Fixed_Size_2025-12-15_15-50-26.pdf
Full file MD5: 4a4cfaa31d676125320250de8df6e643

--------------------------------------------------
Metadata Checksum: de22656c26d224a9bfea31033c3df1d6
Metadata Data string: KDBM|57997|2025-12-15 15:57:42|Terminal_Symbols_Centered_Fixed_Size_2025-12-15_15-57-38.pdf
Initial file size: 57997 bytes
Final file size: 57997 bytes
Timestamp (IST): 2025-12-15 15:57:42
Station code: KDBM
File name: Terminal_Symbols_Centered_Fixed_Size_2025-12-15_15-57-38.pdf
Full file MD5: 4a4cfaa31d676125320250de8df6e643

--------------------------------------------------
Metadata Checksum: 41e87aa68bac3a49435be7e6932d1ffe
Metadata Data string: KDBM|57997|2025-12-15 16:00:58|Terminal_Symbols_Centered_Fixed_Size_2025-12-15_16-00-54.pdf
Initial file size: 57997 bytes
Final file size: 57997 bytes
Timestamp (IST): 2025-12-15 16:00:58
Station code: KDBM
File name: Terminal_Symbols_Centered_Fixed_Size_2025-12-15_16-00-54.pdf
Full file MD5: 4a4cfaa31d676125320250de8df6e643

--------------------------------------------------
Metadata Checksum: 4e0d51366b698250d51de0c5c69e8cff
Metadata Data string: KDBM|57997|2025-12-15 16:07:40|Terminal_Symbols_Centered_Fixed_Size_2025-12-15_16-07-36.pdf
Initial file size: 57997 bytes
Final file size: 57997 bytes
Timestamp (IST): 2025-12-15 16:07:40
Station code: KDBM
File name: Terminal_Symbols_Centered_Fixed_Size_2025-12-15_16-07-36.pdf
Full file MD5: 4a4cfaa31d676125320250de8df6e643

--------------------------------------------------
Metadata Checksum: e7364a6431c1381b765ee626819c47eb
Metadata Data string: KDBM|57979|2025-12-16 10:13:41|Terminal_Symbols_Centered_Fixed_Size_2025-12-16_10-13-36.pdf
Initial file size: 57979 bytes
Final file size: 57979 bytes
Timestamp (IST): 2025-12-16 10:13:41
Station code: KDBM
File name: Terminal_Symbols_Centered_Fixed_Size_2025-12-16_10-13-36.pdf
Full file MD5: 17b5c878bfa841d86481ff913e44dbaf

--------------------------------------------------
Metadata Checksum: 83fbda7735258f3e86ccae03c92836d8
Metadata Data string: KDBM|57979|2025-12-16 10:17:39|Terminal_Symbols_Centered_Fixed_Size_2025-12-16_10-17-35.pdf
Initial file size: 57979 bytes
Final file size: 57979 bytes
Timestamp (IST): 2025-12-16 10:17:39
Station code: KDBM
File name: Terminal_Symbols_Centered_Fixed_Size_2025-12-16_10-17-35.pdf
Full file MD5: 17b5c878bfa841d86481ff913e44dbaf

--------------------------------------------------
Metadata Checksum: ae2f9337ae194fcf92e6d323c0b2d366
Metadata Data string: KDBM|57979|2025-12-16 10:32:25|Terminal_Symbols_Centered_Fixed_Size_2025-12-16_10-32-21.pdf
Initial file size: 57979 bytes
Final file size: 57979 bytes
Timestamp (IST): 2025-12-16 10:32:25
Station code: KDBM
File name: Terminal_Symbols_Centered_Fixed_Size_2025-12-16_10-32-21.pdf
Full file MD5: 17b5c878bfa841d86481ff913e44dbaf

--------------------------------------------------
Metadata Checksum: fc5bd33749cc7471c6ebd85b8d101f34
Metadata Data string: KDBM|57979|2025-12-16 10:40:25|Terminal_Symbols_Centered_Fixed_Size_2025-12-16_10-40-21.pdf
Initial file size: 57979 bytes
Final file size: 57979 bytes
Timestamp (IST): 2025-12-16 10:40:25
Station code: KDBM
File name: Terminal_Symbols_Centered_Fixed_Size_2025-12-16_10-40-21.pdf
Full file MD5: 17b5c878bfa841d86481ff913e44dbaf

--------------------------------------------------
Metadata Checksum: 30fd1d0d8b0eb03cc763d7108409881e
Metadata Data string: KDBM|57979|2025-12-16 10:46:23|Terminal_Symbols_Centered_Fixed_Size_2025-12-16_10-46-20.pdf
Initial file size: 57979 bytes
Final file size: 57979 bytes
Timestamp (IST): 2025-12-16 10:46:23
Station code: KDBM
File name: Terminal_Symbols_Centered_Fixed_Size_2025-12-16_10-46-20.pdf
Full file MD5: 17b5c878bfa841d86481ff913e44dbaf

--------------------------------------------------
Metadata Checksum: ff8d5e13d2e845b5acc78d1bfabf009b
Metadata Data string: KDBM|57979|2025-12-16 10:52:09|Terminal_Symbols_Centered_Fixed_Size_2025-12-16_10-52-04.pdf
Initial file size: 57979 bytes
Final file size: 57979 bytes
Timestamp (IST): 2025-12-16 10:52:09
Station code: KDBM
File name: Terminal_Symbols_Centered_Fixed_Size_2025-12-16_10-52-04.pdf
Full file MD5: 17b5c878bfa841d86481ff913e44dbaf

--------------------------------------------------
Metadata Checksum: 55e58096b079c00633629f0a9f1c2309
Metadata Data string: KDBM|57979|2025-12-16 11:14:31|Terminal_Symbols_Centered_Fixed_Size_2025-12-16_11-14-27.pdf
Initial file size: 57979 bytes
Final file size: 57979 bytes
Timestamp (IST): 2025-12-16 11:14:31
Station code: KDBM
File name: Terminal_Symbols_Centered_Fixed_Size_2025-12-16_11-14-27.pdf
Full file MD5: 17b5c878bfa841d86481ff913e44dbaf

--------------------------------------------------
Metadata Checksum: de217c87a1f27aac0a64e1b83c178381
Metadata Data string: KDBM|57982|2025-12-16 11:20:51|Terminal_Symbols_Centered_Fixed_Size_2025-12-16_11-20-48.pdf
Initial file size: 57982 bytes
Final file size: 57982 bytes
Timestamp (IST): 2025-12-16 11:20:51
Station code: KDBM
File name: Terminal_Symbols_Centered_Fixed_Size_2025-12-16_11-20-48.pdf
Full file MD5: 0276724a0f2505fd3437534c7e9e26a6

--------------------------------------------------
Metadata Checksum: cf2ded05967e40220db6d42f8145235f
Metadata Data string: KDBM|57982|2025-12-16 12:10:36|Terminal_Symbols_Centered_Fixed_Size_2025-12-16_12-10-32.pdf
Initial file size: 57982 bytes
Final file size: 57982 bytes
Timestamp (IST): 2025-12-16 12:10:36
Station code: KDBM
File name: Terminal_Symbols_Centered_Fixed_Size_2025-12-16_12-10-32.pdf
Full file MD5: 0276724a0f2505fd3437534c7e9e26a6

--------------------------------------------------
Metadata Checksum: 0493e475fd1da0c20db831a1eb37bee6
Metadata Data string: KDBM|57978|2025-12-16 12:18:35|Terminal_Symbols_Centered_Fixed_Size_2025-12-16_12-18-25.pdf
Initial file size: 57978 bytes
Final file size: 57978 bytes
Timestamp (IST): 2025-12-16 12:18:35
Station code: KDBM
File name: Terminal_Symbols_Centered_Fixed_Size_2025-12-16_12-18-25.pdf
Full file MD5: e3334b7594cff40cd8c4ebc7d7da5ffe

--------------------------------------------------
Metadata Checksum: 6c469bb25e184caca5cfed7a610b06e7
Metadata Data string: KDBM|57978|2025-12-16 12:33:50|Terminal_Symbols_Centered_Fixed_Size_2025-12-16_12-33-46.pdf
Initial file size: 57978 bytes
Final file size: 57978 bytes
Timestamp (IST): 2025-12-16 12:33:50
Station code: KDBM
File name: Terminal_Symbols_Centered_Fixed_Size_2025-12-16_12-33-46.pdf
Full file MD5: e3334b7594cff40cd8c4ebc7d7da5ffe

--------------------------------------------------
Metadata Checksum: ba03630fd1e19841e159306e5fb94dde
Metadata Data string: KDBM|57979|2025-12-16 13:01:25|Terminal_Symbols_Centered_Fixed_Size_2025-12-16_13-01-20.pdf
Initial file size: 57979 bytes
Final file size: 57979 bytes
Timestamp (IST): 2025-12-16 13:01:25
Station code: KDBM
File name: Terminal_Symbols_Centered_Fixed_Size_2025-12-16_13-01-20.pdf
Full file MD5: 6474f750c4a7b9f330c96417aaffb332

--------------------------------------------------
Metadata Checksum: c42b278047bfb8bb3d9624ea803ebda1
Metadata Data string: KDBM|57979|2025-12-16 13:05:31|Terminal_Symbols_Centered_Fixed_Size_2025-12-16_13-05-27.pdf
Initial file size: 57979 bytes
Final file size: 57979 bytes
Timestamp (IST): 2025-12-16 13:05:31
Station code: KDBM
File name: Terminal_Symbols_Centered_Fixed_Size_2025-12-16_13-05-27.pdf
Full file MD5: 6474f750c4a7b9f330c96417aaffb332

--------------------------------------------------
Metadata Checksum: fc9ad171f7e793542ac18dba798acd65
Metadata Data string: KDBM|57983|2025-12-16 14:31:30|Terminal_Symbols_Centered_Fixed_Size_2025-12-16_14-31-26.pdf
Initial file size: 57983 bytes
Final file size: 57983 bytes
Timestamp (IST): 2025-12-16 14:31:30
Station code: KDBM
File name: Terminal_Symbols_Centered_Fixed_Size_2025-12-16_14-31-26.pdf
Full file MD5: 0ee615db66554392a612c9536518d9b8

--------------------------------------------------
Metadata Checksum: 10835223a544610fee7455faea739a54
Metadata Data string: KDBM|57983|2025-12-16 14:32:29|Terminal_Symbols_Centered_Fixed_Size_2025-12-16_14-32-26.pdf
Initial file size: 57983 bytes
Final file size: 57983 bytes
Timestamp (IST): 2025-12-16 14:32:29
Station code: KDBM
File name: Terminal_Symbols_Centered_Fixed_Size_2025-12-16_14-32-26.pdf
Full file MD5: 0ee615db66554392a612c9536518d9b8

--------------------------------------------------
Metadata Checksum: 8eec91672bf2ea1129ab7594d148c2e3
Metadata Data string: KDBM|57983|2025-12-16 14:37:37|Terminal_Symbols_Centered_Fixed_Size_2025-12-16_14-37-33.pdf
Initial file size: 57983 bytes
Final file size: 57983 bytes
Timestamp (IST): 2025-12-16 14:37:37
Station code: KDBM
File name: Terminal_Symbols_Centered_Fixed_Size_2025-12-16_14-37-33.pdf
Full file MD5: 0ee615db66554392a612c9536518d9b8

--------------------------------------------------
Metadata Checksum: dbf88d1a039c144342c9c063a05b1267
Metadata Data string: BHAV|7392|2025-12-16 15:51:20|Terminal_Symbols_Centered_Fixed_Size_2025-12-16_15-51-18.pdf
Initial file size: 7392 bytes
Final file size: 7392 bytes
Timestamp (IST): 2025-12-16 15:51:20
Station code: BHAV
File name: Terminal_Symbols_Centered_Fixed_Size_2025-12-16_15-51-18.pdf
Full file MD5: d8ec4b6b4bee045cd0c30a762a8cb374

--------------------------------------------------
Metadata Checksum: e1e3ab8a5d199377f3c0f80c26b9cab4
Metadata Data string: KHED|5801|2025-12-16 15:54:02|Terminal_Symbols_Centered_Fixed_Size_2025-12-16_15-54-00.pdf
Initial file size: 5801 bytes
Final file size: 5801 bytes
Timestamp (IST): 2025-12-16 15:54:02
Station code: KHED
File name: Terminal_Symbols_Centered_Fixed_Size_2025-12-16_15-54-00.pdf
Full file MD5: 9394117f613d504adfeffdf6a25b5f81

--------------------------------------------------
Metadata Checksum: 03942f64f9221faf6283592bc251a7ba
Metadata Data string: SID|0|2026-01-02 16:49:50|Terminal_Symbols_Centered_Fixed_Size_2026-01-02_16-49-48.pdf
Initial file size: 0 bytes
Final file size: 0 bytes
Timestamp (IST): 2026-01-02 16:49:50
Station code: SID
File name: Terminal_Symbols_Centered_Fixed_Size_2026-01-02_16-49-48.pdf
Full file MD5: d41d8cd98f00b204e9800998ecf8427e

--------------------------------------------------
Metadata Checksum: eadec5de4de7eeedeafe23267babc000
Metadata Data string: KHED|0|2026-01-02 16:50:39|Terminal_Symbols_Centered_Fixed_Size_2026-01-02_16-50-37.pdf
Initial file size: 0 bytes
Final file size: 0 bytes
Timestamp (IST): 2026-01-02 16:50:39
Station code: KHED
File name: Terminal_Symbols_Centered_Fixed_Size_2026-01-02_16-50-37.pdf
Full file MD5: d41d8cd98f00b204e9800998ecf8427e

--------------------------------------------------
Metadata Checksum: b4c9278bf901e1372250284501774d50
Metadata Data string: KHED|0|2026-01-02 16:53:07|Terminal_Symbols_Centered_Fixed_Size_2026-01-02_16-53-06.pdf
Initial file size: 0 bytes
Final file size: 0 bytes
Timestamp (IST): 2026-01-02 16:53:07
Station code: KHED
File name: Terminal_Symbols_Centered_Fixed_Size_2026-01-02_16-53-06.pdf
Full file MD5: d41d8cd98f00b204e9800998ecf8427e

--------------------------------------------------
Metadata Checksum: 28d376451fefc532e6a99ca330853382
Metadata Data string: KHED|15788|2026-01-02 17:04:55|Terminal_Symbols_Centered_Fixed_Size_2026-01-02_17-04-50.pdf
Initial file size: 15788 bytes
Final file size: 15788 bytes
Timestamp (IST): 2026-01-02 17:04:55
Station code: KHED
File name: Terminal_Symbols_Centered_Fixed_Size_2026-01-02_17-04-50.pdf
Full file MD5: ae1edd5dcceae6de3d215657286f544f

--------------------------------------------------
Metadata Checksum: 9d53724e7cdd1f5c47e7ba65c889017e
Metadata Data string: N-1|9797|2026-01-02 17:07:07|Terminal_Symbols_Centered_Fixed_Size_2026-01-02_17-07-05.pdf
Initial file size: 9797 bytes
Final file size: 9797 bytes
Timestamp (IST): 2026-01-02 17:07:07
Station code: N-1
File name: Terminal_Symbols_Centered_Fixed_Size_2026-01-02_17-07-05.pdf
Full file MD5: 40f362781d2263159c7554b0ca2061d2

--------------------------------------------------
Metadata Checksum: 24da95b269d3d920de530826dc03449b
Metadata Data string: KHED|0|2026-01-02 17:16:55|Terminal_Symbols_Centered_Fixed_Size_2026-01-02_17-16-54.pdf
Initial file size: 0 bytes
Final file size: 0 bytes
Timestamp (IST): 2026-01-02 17:16:55
Station code: KHED
File name: Terminal_Symbols_Centered_Fixed_Size_2026-01-02_17-16-54.pdf
Full file MD5: d41d8cd98f00b204e9800998ecf8427e

--------------------------------------------------
Metadata Checksum: fc483c49aa71237a95931515ac6d77d1
Metadata Data string: KHED|0|2026-01-03 11:34:38|Terminal_Symbols_Centered_Fixed_Size_2026-01-03_11-34-35.pdf
Initial file size: 0 bytes
Final file size: 0 bytes
Timestamp (IST): 2026-01-03 11:34:38
Station code: KHED
File name: Terminal_Symbols_Centered_Fixed_Size_2026-01-03_11-34-35.pdf
Full file MD5: d41d8cd98f00b204e9800998ecf8427e

--------------------------------------------------
Metadata Checksum: 3191eaa529280bfdd46a380ac0c1f25e
Metadata Data string: XYZ|0|2026-01-03 11:37:44|Terminal_Symbols_Centered_Fixed_Size_2026-01-03_11-37-43.pdf
Initial file size: 0 bytes
Final file size: 0 bytes
Timestamp (IST): 2026-01-03 11:37:44
Station code: XYZ
File name: Terminal_Symbols_Centered_Fixed_Size_2026-01-03_11-37-43.pdf
Full file MD5: d41d8cd98f00b204e9800998ecf8427e

--------------------------------------------------
Metadata Checksum: e32a64f3bfd08cf9c3e884e0c018f985
Metadata Data string: XYZ|0|2026-01-03 11:52:18|Terminal_Symbols_Centered_Fixed_Size_2026-01-03_11-52-17.pdf
Initial file size: 0 bytes
Final file size: 0 bytes
Timestamp (IST): 2026-01-03 11:52:18
Station code: XYZ
File name: Terminal_Symbols_Centered_Fixed_Size_2026-01-03_11-52-17.pdf
Full file MD5: d41d8cd98f00b204e9800998ecf8427e

--------------------------------------------------
Metadata Checksum: 81493c64892eafd97dbaa20c14f63eba
Metadata Data string: SID|0|2026-01-07 14:25:44|Terminal_Symbols_Centered_Fixed_Size_2026-01-07_14-25-38.pdf
Initial file size: 0 bytes
Final file size: 0 bytes
Timestamp (IST): 2026-01-07 14:25:44
Station code: SID
File name: Terminal_Symbols_Centered_Fixed_Size_2026-01-07_14-25-38.pdf
Full file MD5: d41d8cd98f00b204e9800998ecf8427e

--------------------------------------------------
Metadata Checksum: d623db2535eb80ad7bfca84efc5b2138
Metadata Data string: KALOL|52222|2026-01-12 11:55:57|Terminal_Symbols_Centered_Fixed_Size_2026-01-12_11-55-52.pdf
Initial file size: 52222 bytes
Final file size: 52222 bytes
Timestamp (IST): 2026-01-12 11:55:57
Station code: KALOL
File name: Terminal_Symbols_Centered_Fixed_Size_2026-01-12_11-55-52.pdf
Full file MD5: 1528fb66f7c1db4a989d4fe7cc15c355

--------------------------------------------------
Metadata Checksum: c7c5082cff27fbb61cd31a3f60c3bfd0
Metadata Data string: KALOL|52222|2026-01-12 11:58:31|Terminal_Symbols_Centered_Fixed_Size_2026-01-12_11-58-27.pdf
Initial file size: 52222 bytes
Final file size: 52222 bytes
Timestamp (IST): 2026-01-12 11:58:31
Station code: KALOL
File name: Terminal_Symbols_Centered_Fixed_Size_2026-01-12_11-58-27.pdf
Full file MD5: 1528fb66f7c1db4a989d4fe7cc15c355

--------------------------------------------------
Metadata Checksum: 01f6e43139dbe51cf497865defafe804
Metadata Data string: XYZ|0|2026-01-12 14:20:02|Terminal_Symbols_Centered_Fixed_Size_2026-01-12_14-20-00.pdf
Initial file size: 0 bytes
Final file size: 0 bytes
Timestamp (IST): 2026-01-12 14:20:02
Station code: XYZ
File name: Terminal_Symbols_Centered_Fixed_Size_2026-01-12_14-20-00.pdf
Full file MD5: d41d8cd98f00b204e9800998ecf8427e

--------------------------------------------------
Metadata Checksum: fcad23551668a62c353c727214fb6031
Metadata Data string: KHED|0|2026-01-12 14:23:03|Terminal_Symbols_Centered_Fixed_Size_2026-01-12_14-23-01.pdf
Initial file size: 0 bytes
Final file size: 0 bytes
Timestamp (IST): 2026-01-12 14:23:03
Station code: KHED
File name: Terminal_Symbols_Centered_Fixed_Size_2026-01-12_14-23-01.pdf
Full file MD5: d41d8cd98f00b204e9800998ecf8427e

--------------------------------------------------
Metadata Checksum: c44c3c2263a7508e903b8efd4f7cece0
Metadata Data string: KHED|0|2026-01-12 14:42:18|Terminal_Symbols_Centered_Fixed_Size_2026-01-12_14-42-15.pdf
Initial file size: 0 bytes
Final file size: 0 bytes
Timestamp (IST): 2026-01-12 14:42:18
Station code: KHED
File name: Terminal_Symbols_Centered_Fixed_Size_2026-01-12_14-42-15.pdf
Full file MD5: d41d8cd98f00b204e9800998ecf8427e

--------------------------------------------------
Metadata Checksum: 845088e5b733df45c1832147562b87a7
Metadata Data string: KHED|14693|2026-01-12 18:21:40|Terminal_Symbols_Centered_Fixed_Size_2026-01-12_18-21-38.pdf
Initial file size: 14693 bytes
Final file size: 14693 bytes
Timestamp (IST): 2026-01-12 18:21:40
Station code: KHED
File name: Terminal_Symbols_Centered_Fixed_Size_2026-01-12_18-21-38.pdf
Full file MD5: 1f98558b1a8ff777890af7ce871ff0fd

--------------------------------------------------
Metadata Checksum: eb5707699d47181e49df209fe722dedc
Metadata Data string: KHED|29219|2026-01-12 18:28:35|Terminal_Symbols_Centered_Fixed_Size_2026-01-12_18-28-28.pdf
Initial file size: 29219 bytes
Final file size: 29219 bytes
Timestamp (IST): 2026-01-12 18:28:35
Station code: KHED
File name: Terminal_Symbols_Centered_Fixed_Size_2026-01-12_18-28-28.pdf
Full file MD5: 9e02613abdd9a4a7215e9e86b853affd

--------------------------------------------------
Metadata Checksum: 90a3044fad074afd2a61e0e56d5b6858
Metadata Data string: KALO|143117|2026-01-12 18:53:38|Terminal_Symbols_Centered_Fixed_Size_2026-01-12_18-52-58.pdf
Initial file size: 143117 bytes
Final file size: 143117 bytes
Timestamp (IST): 2026-01-12 18:53:38
Station code: KALO
File name: Terminal_Symbols_Centered_Fixed_Size_2026-01-12_18-52-58.pdf
Full file MD5: 7f2ebdddd6e67ce8bada8e85ac60de5e

--------------------------------------------------
Metadata Checksum: 0c78c933fb682b1b58569b381e5db45b
Metadata Data string: KHED|43744|2026-01-13 14:36:26|Terminal_Symbols_Centered_Fixed_Size_2026-01-13_14-36-13.pdf
Initial file size: 43744 bytes
Final file size: 43744 bytes
Timestamp (IST): 2026-01-13 14:36:26
Station code: KHED
File name: Terminal_Symbols_Centered_Fixed_Size_2026-01-13_14-36-13.pdf
Full file MD5: 75103a6b9a7f9ebdddaae950d3fb6161

--------------------------------------------------
Metadata Checksum: cdf5a3501aef841637ed3ddd52a5e227
Metadata Data string: KHED|55518|2026-01-13 14:43:38|Terminal_Symbols_Centered_Fixed_Size_2026-01-13_14-43-30.pdf
Initial file size: 55518 bytes
Final file size: 55518 bytes
Timestamp (IST): 2026-01-13 14:43:38
Station code: KHED
File name: Terminal_Symbols_Centered_Fixed_Size_2026-01-13_14-43-30.pdf
Full file MD5: 6c7e4e02bd638a8a18d8775a95369f25

--------------------------------------------------
Metadata Checksum: c5b62c8875a22715e2a9ebb93c6e5ec8
Metadata Data string: KHED|55518|2026-01-13 14:46:26|Terminal_Symbols_Centered_Fixed_Size_2026-01-13_14-46-20.pdf
Initial file size: 55518 bytes
Final file size: 55518 bytes
Timestamp (IST): 2026-01-13 14:46:26
Station code: KHED
File name: Terminal_Symbols_Centered_Fixed_Size_2026-01-13_14-46-20.pdf
Full file MD5: 6c7e4e02bd638a8a18d8775a95369f25

--------------------------------------------------
Metadata Checksum: 4d4985c838b2f728e5ce46a8519d8ce7
Metadata Data string: TEST|8869|2026-01-13 14:59:36|Terminal_Symbols_Centered_Fixed_Size_2026-01-13_14-59-35.pdf
Initial file size: 8869 bytes
Final file size: 8869 bytes
Timestamp (IST): 2026-01-13 14:59:36
Station code: TEST
File name: Terminal_Symbols_Centered_Fixed_Size_2026-01-13_14-59-35.pdf
Full file MD5: ad40af309e6388f5d9ec70b3431deec2

--------------------------------------------------
Metadata Checksum: 3417ed14a25c8aaccc274d353e8a63e6
Metadata Data string: TEST|8869|2026-01-13 15:01:46|Terminal_Symbols_Centered_Fixed_Size_2026-01-13_15-01-43.pdf
Initial file size: 8869 bytes
Final file size: 8869 bytes
Timestamp (IST): 2026-01-13 15:01:46
Station code: TEST
File name: Terminal_Symbols_Centered_Fixed_Size_2026-01-13_15-01-43.pdf
Full file MD5: ad40af309e6388f5d9ec70b3431deec2

--------------------------------------------------
Metadata Checksum: 5104efa4eb4370d1c5ff98ac79579410
Metadata Data string: TEST|33911|2026-01-13 15:04:29|Terminal_Symbols_Centered_Fixed_Size_2026-01-13_15-04-25.pdf
Initial file size: 33911 bytes
Final file size: 33911 bytes
Timestamp (IST): 2026-01-13 15:04:29
Station code: TEST
File name: Terminal_Symbols_Centered_Fixed_Size_2026-01-13_15-04-25.pdf
Full file MD5: bf70d432e6a15e795d79390ea40efcea

--------------------------------------------------
Metadata Checksum: 5f20c48f868d153381f1d851d2d871c4
Metadata Data string: KLL|28984|2026-01-13 17:25:12|Terminal_Symbols_Centered_Fixed_Size_2026-01-13_17-24-10.pdf
Initial file size: 28984 bytes
Final file size: 28984 bytes
Timestamp (IST): 2026-01-13 17:25:12
Station code: KLL
File name: Terminal_Symbols_Centered_Fixed_Size_2026-01-13_17-24-10.pdf
Full file MD5: d255eea3b54d13adba47c765bc4179a5

--------------------------------------------------
Metadata Checksum: 1141a4a10f1b683f639f6439b106e766
Metadata Data string: KLL|28984|2026-01-13 17:36:19|Terminal_Symbols_Centered_Fixed_Size_2026-01-13_17-35-16.pdf
Initial file size: 28984 bytes
Final file size: 28984 bytes
Timestamp (IST): 2026-01-13 17:36:19
Station code: KLL
File name: Terminal_Symbols_Centered_Fixed_Size_2026-01-13_17-35-16.pdf
Full file MD5: d255eea3b54d13adba47c765bc4179a5

--------------------------------------------------
Metadata Checksum: 5412c07f404b95b1c866feb239afded5
Metadata Data string: LAA|10522|2026-01-16 14:55:52|Terminal_Symbols_Centered_Fixed_Size_2026-01-16_14-55-51.pdf
Initial file size: 10522 bytes
Final file size: 10522 bytes
Timestamp (IST): 2026-01-16 14:55:52
Station code: LAA
File name: Terminal_Symbols_Centered_Fixed_Size_2026-01-16_14-55-51.pdf
Full file MD5: ebdae32279ed249f4da8790f6e5ece84

--------------------------------------------------
Metadata Checksum: ab92e111f33f3d39fb5d8ca836ab92b5
Metadata Data string: LAA|10522|2026-01-16 14:56:22|Terminal_Symbols_Centered_Fixed_Size_2026-01-16_14-56-21.pdf
Initial file size: 10522 bytes
Final file size: 10522 bytes
Timestamp (IST): 2026-01-16 14:56:22
Station code: LAA
File name: Terminal_Symbols_Centered_Fixed_Size_2026-01-16_14-56-21.pdf
Full file MD5: ebdae32279ed249f4da8790f6e5ece84

--------------------------------------------------
Metadata Checksum: e2b2b538c3ed3c6eb37afbd8a183c9aa
Metadata Data string: LAA|10522|2026-01-16 14:56:51|Terminal_Symbols_Centered_Fixed_Size_2026-01-16_14-56-50.pdf
Initial file size: 10522 bytes
Final file size: 10522 bytes
Timestamp (IST): 2026-01-16 14:56:51
Station code: LAA
File name: Terminal_Symbols_Centered_Fixed_Size_2026-01-16_14-56-50.pdf
Full file MD5: ebdae32279ed249f4da8790f6e5ece84

--------------------------------------------------
Metadata Checksum: a33c74e103bc0b488a2f815830daad31
Metadata Data string: LAA|10522|2026-01-16 14:57:21|Terminal_Symbols_Centered_Fixed_Size_2026-01-16_14-57-20.pdf
Initial file size: 10522 bytes
Final file size: 10522 bytes
Timestamp (IST): 2026-01-16 14:57:21
Station code: LAA
File name: Terminal_Symbols_Centered_Fixed_Size_2026-01-16_14-57-20.pdf
Full file MD5: ebdae32279ed249f4da8790f6e5ece84

--------------------------------------------------
Metadata Checksum: c997a57ed643027cf24adefeede6b96f
Metadata Data string: KHED|23044|2026-01-16 14:57:57|Terminal_Symbols_Centered_Fixed_Size_2026-01-16_14-57-55.pdf
Initial file size: 23044 bytes
Final file size: 23044 bytes
Timestamp (IST): 2026-01-16 14:57:57
Station code: KHED
File name: Terminal_Symbols_Centered_Fixed_Size_2026-01-16_14-57-55.pdf
Full file MD5: febe1cdd38c30d1fbd4025d8bc0e71a9

--------------------------------------------------
Metadata Checksum: 9de8eed6f4965982f2d29702462d1503
Metadata Data string: KHED|36970|2026-01-16 15:03:20|Terminal_Symbols_Centered_Fixed_Size_2026-01-16_15-03-16.pdf
Initial file size: 36970 bytes
Final file size: 36970 bytes
Timestamp (IST): 2026-01-16 15:03:20
Station code: KHED
File name: Terminal_Symbols_Centered_Fixed_Size_2026-01-16_15-03-16.pdf
Full file MD5: 04d5fdba99d699f2e0e13e4ae0daa714

--------------------------------------------------
Metadata Checksum: e222689bc356d3d469be2cb9593e1b10
Metadata Data string: KHED|36970|2026-01-16 15:04:57|Terminal_Symbols_Centered_Fixed_Size_2026-01-16_15-04-52.pdf
Initial file size: 36970 bytes
Final file size: 36970 bytes
Timestamp (IST): 2026-01-16 15:04:57
Station code: KHED
File name: Terminal_Symbols_Centered_Fixed_Size_2026-01-16_15-04-52.pdf
Full file MD5: 04d5fdba99d699f2e0e13e4ae0daa714

--------------------------------------------------
Metadata Checksum: 004d3a32892dabd36fe394a462c42a7c
Metadata Data string: KHED|36970|2026-01-16 15:06:01|Terminal_Symbols_Centered_Fixed_Size_2026-01-16_15-05-57.pdf
Initial file size: 36970 bytes
Final file size: 36970 bytes
Timestamp (IST): 2026-01-16 15:06:01
Station code: KHED
File name: Terminal_Symbols_Centered_Fixed_Size_2026-01-16_15-05-57.pdf
Full file MD5: 04d5fdba99d699f2e0e13e4ae0daa714

--------------------------------------------------
Metadata Checksum: 65d70bc09473973d6343be275a93ecf4
Metadata Data string: KHED|36970|2026-01-16 15:14:18|Terminal_Symbols_Centered_Fixed_Size_2026-01-16_15-14-14.pdf
Initial file size: 36970 bytes
Final file size: 36970 bytes
Timestamp (IST): 2026-01-16 15:14:18
Station code: KHED
File name: Terminal_Symbols_Centered_Fixed_Size_2026-01-16_15-14-14.pdf
Full file MD5: 04d5fdba99d699f2e0e13e4ae0daa714

--------------------------------------------------
Metadata Checksum: 00a20d36835ef18ec157c0476e37f29e
Metadata Data string: KLL|28984|2026-01-19 09:42:23|Terminal_Symbols_Centered_Fixed_Size_2026-01-19_09-42-18.pdf
Initial file size: 28984 bytes
Final file size: 28984 bytes
Timestamp (IST): 2026-01-19 09:42:23
Station code: KLL
File name: Terminal_Symbols_Centered_Fixed_Size_2026-01-19_09-42-18.pdf
Full file MD5: d255eea3b54d13adba47c765bc4179a5

--------------------------------------------------
Metadata Checksum: 556a86a50918280d73e36066bd133bc3
Metadata Data string: KHED|7714|2026-01-21 12:44:35|Terminal_Symbols_Centered_Fixed_Size_2026-01-21_12-44-31.pdf
Initial file size: 7714 bytes
Final file size: 7714 bytes
Timestamp (IST): 2026-01-21 12:44:35
Station code: KHED
File name: Terminal_Symbols_Centered_Fixed_Size_2026-01-21_12-44-31.pdf
Full file MD5: 536138d3791db90ae402587f64acd47d

--------------------------------------------------
Metadata Checksum: 932e0265f009693ab7a09cf2e8005bd7
Metadata Data string: TEST|15523|2026-01-21 12:50:50|Terminal_Symbols_Centered_Fixed_Size_2026-01-21_12-50-49.pdf
Initial file size: 15523 bytes
Final file size: 15523 bytes
Timestamp (IST): 2026-01-21 12:50:50
Station code: TEST
File name: Terminal_Symbols_Centered_Fixed_Size_2026-01-21_12-50-49.pdf
Full file MD5: 629bc4f2aa205b2c59e6f272b7e6574a

--------------------------------------------------
Metadata Checksum: 5896fbedf4b4a8e52863e3b0af3f103f
Metadata Data string: TEST|15750|2026-01-21 14:23:21|Terminal_Symbols_Centered_Fixed_Size_2026-01-21_14-23-18.pdf
Initial file size: 15750 bytes
Final file size: 15750 bytes
Timestamp (IST): 2026-01-21 14:23:21
Station code: TEST
File name: Terminal_Symbols_Centered_Fixed_Size_2026-01-21_14-23-18.pdf
Full file MD5: 6a6df61211f513546e6d4820c3ee05c1

--------------------------------------------------
Metadata Checksum: 8f1ce4d60786fea952558fa6e8927179
Metadata Data string: KHED|19254|2026-01-21 16:06:36|Terminal_Symbols_Centered_Fixed_Size_2026-01-21_16-06-34.pdf
Initial file size: 19254 bytes
Final file size: 19254 bytes
Timestamp (IST): 2026-01-21 16:06:36
Station code: KHED
File name: Terminal_Symbols_Centered_Fixed_Size_2026-01-21_16-06-34.pdf
Full file MD5: d825cd4012f19cba0f68d21462803c9f

--------------------------------------------------
Metadata Checksum: 4e2d446b58997f8203560bf6e949451e
Metadata Data string: TEST|393|2026-01-22 10:23:09|Terminal_Symbols_Centered_Fixed_Size_2026-01-22_10-23-07.pdf
Initial file size: 393 bytes
Final file size: 393 bytes
Timestamp (IST): 2026-01-22 10:23:09
Station code: TEST
File name: Terminal_Symbols_Centered_Fixed_Size_2026-01-22_10-23-07.pdf
Full file MD5: 1060b4a08a4f53e92bada3fdb0c11739

--------------------------------------------------
Metadata Checksum: e5f6f37b5acf11342a9033aec2c15471
Metadata Data string: TEST|15523|2026-01-22 10:26:29|Terminal_Symbols_Centered_Fixed_Size_2026-01-22_10-26-27.pdf
Initial file size: 15523 bytes
Final file size: 15523 bytes
Timestamp (IST): 2026-01-22 10:26:29
Station code: TEST
File name: Terminal_Symbols_Centered_Fixed_Size_2026-01-22_10-26-27.pdf
Full file MD5: 629bc4f2aa205b2c59e6f272b7e6574a

--------------------------------------------------
Metadata Checksum: 158b302b8d5332337bdee078364f789e
Metadata Data string: KDBM|55769|2026-01-22 11:57:06|Terminal_Symbols_Centered_Fixed_Size_2026-01-22_11-56-59.pdf
Initial file size: 55769 bytes
Final file size: 55769 bytes
Timestamp (IST): 2026-01-22 11:57:06
Station code: KDBM
File name: Terminal_Symbols_Centered_Fixed_Size_2026-01-22_11-56-59.pdf
Full file MD5: 8c133cab6795514d1a4614013dab6015

--------------------------------------------------
Metadata Checksum: 49eafe80ef153d62753c2dbab62be25e
Metadata Data string: KLL|18666|2026-01-22 12:34:58|Terminal_Symbols_Centered_Fixed_Size_2026-01-22_12-34-54.pdf
Initial file size: 18666 bytes
Final file size: 18666 bytes
Timestamp (IST): 2026-01-22 12:34:58
Station code: KLL
File name: Terminal_Symbols_Centered_Fixed_Size_2026-01-22_12-34-54.pdf
Full file MD5: 10b94306a8049ddc6d4d009d0710047d

--------------------------------------------------
Metadata Checksum: 05028c013b1a34b1a62987289527ae14
Metadata Data string: KLL|18666|2026-01-22 14:20:18|Terminal_Symbols_Centered_Fixed_Size_2026-01-22_14-20-15.pdf
Initial file size: 18666 bytes
Final file size: 18666 bytes
Timestamp (IST): 2026-01-22 14:20:18
Station code: KLL
File name: Terminal_Symbols_Centered_Fixed_Size_2026-01-22_14-20-15.pdf
Full file MD5: 10b94306a8049ddc6d4d009d0710047d

--------------------------------------------------
Metadata Checksum: e03a6255b38bb374e7fdbbc0e2ce891c
Metadata Data string: TEST|8869|2026-01-23 09:45:42|Terminal_Symbols_Centered_Fixed_Size_2026-01-23_09-45-40.pdf
Initial file size: 8869 bytes
Final file size: 8869 bytes
Timestamp (IST): 2026-01-23 09:45:42
Station code: TEST
File name: Terminal_Symbols_Centered_Fixed_Size_2026-01-23_09-45-40.pdf
Full file MD5: 97b6c21d734d70bb7debbf151d9fe2cd

--------------------------------------------------
Metadata Checksum: 194da28354427239ca48501e44c0ab94
Metadata Data string: TEST|8869|2026-01-23 09:48:12|Terminal_Symbols_Centered_Fixed_Size_2026-01-23_09-48-10.pdf
Initial file size: 8869 bytes
Final file size: 8869 bytes
Timestamp (IST): 2026-01-23 09:48:12
Station code: TEST
File name: Terminal_Symbols_Centered_Fixed_Size_2026-01-23_09-48-10.pdf
Full file MD5: 97b6c21d734d70bb7debbf151d9fe2cd

--------------------------------------------------
Metadata Checksum: 4a3e05af9804fe7db5583f364519553c
Metadata Data string: TEST|8869|2026-01-23 09:50:14|Terminal_Symbols_Centered_Fixed_Size_2026-01-23_09-50-13.pdf
Initial file size: 8869 bytes
Final file size: 8869 bytes
Timestamp (IST): 2026-01-23 09:50:14
Station code: TEST
File name: Terminal_Symbols_Centered_Fixed_Size_2026-01-23_09-50-13.pdf
Full file MD5: 97b6c21d734d70bb7debbf151d9fe2cd

--------------------------------------------------
Metadata Checksum: 8d1f70e2d75c11511a5705758299d03f
Metadata Data string: KHED|19254|2026-01-23 10:35:02|PROJECT_14_Siddhpur_JUNCTION_1_AC_1_H_20260121_160602_2026-01-23_10-34-58.pdf
Initial file size: 19254 bytes
Final file size: 19254 bytes
Timestamp (IST): 2026-01-23 10:35:02
Station code: KHED
File name: PROJECT_14_Siddhpur_JUNCTION_1_AC_1_H_20260121_160602_2026-01-23_10-34-58.pdf
Full file MD5: d825cd4012f19cba0f68d21462803c9f

--------------------------------------------------
Metadata Checksum: b076eeb8eb6530f1cb83329c1edcb0ff
Metadata Data string: KHED|43474|2026-01-23 10:55:40|PROJECT_14_Siddhpur_JUNCTION_1_AC_1_H_20260121_160602_2026-01-23_10-55-36.pdf
Initial file size: 43388 bytes
Final file size: 43474 bytes
Timestamp (IST): 2026-01-23 10:55:40
Station code: KHED
File name: PROJECT_14_Siddhpur_JUNCTION_1_AC_1_H_20260121_160602_2026-01-23_10-55-36.pdf
Full file MD5: ca9d8c0440de776858b3e6a4171c96d4

--------------------------------------------------
Metadata Checksum: bbe7f7cc3986e7762798cb55b7bb6945
Metadata Data string: KHED|43474|2026-01-23 10:56:37|PROJECT_14_Siddhpur_JUNCTION_1_AC_1_H_20260121_160602_2026-01-23_10-56-34.pdf
Initial file size: 43388 bytes
Final file size: 43474 bytes
Timestamp (IST): 2026-01-23 10:56:37
Station code: KHED
File name: PROJECT_14_Siddhpur_JUNCTION_1_AC_1_H_20260121_160602_2026-01-23_10-56-34.pdf
Full file MD5: 0f92daa152211ba6ef18dfeca7ed0838

--------------------------------------------------
Metadata Checksum: fdf11a4366d376c1c1dd034c78a0bfd7
Metadata Data string: KHED|43474|2026-01-23 10:57:07|PROJECT_14_Siddhpur_JUNCTION_1_AC_1_H_20260121_160602_2026-01-23_10-57-05.pdf
Initial file size: 43388 bytes
Final file size: 43474 bytes
Timestamp (IST): 2026-01-23 10:57:07
Station code: KHED
File name: PROJECT_14_Siddhpur_JUNCTION_1_AC_1_H_20260121_160602_2026-01-23_10-57-05.pdf
Full file MD5: ec889c05ac28e843d93ee18b91d6684d

--------------------------------------------------
Metadata Checksum: 0cf0fcf8ae554fd5a5a00ce700ad1ba8
Metadata Data string: KHED|43474|2026-01-23 10:57:47|PROJECT_14_Siddhpur_JUNCTION_1_AC_1_H_20260121_160602_2026-01-23_10-57-44.pdf
Initial file size: 43388 bytes
Final file size: 43474 bytes
Timestamp (IST): 2026-01-23 10:57:47
Station code: KHED
File name: PROJECT_14_Siddhpur_JUNCTION_1_AC_1_H_20260121_160602_2026-01-23_10-57-44.pdf
Full file MD5: 72a959ad71ddd59ffc7dd2f8caa0c126

--------------------------------------------------
Metadata Checksum: ca31ea039d00abd94f86423d0bedac4a
Metadata Data string: KHED|43474|2026-01-23 10:59:15|PROJECT_14_Siddhpur_JUNCTION_1_AC_1_H_20260121_160602_2026-01-23_10-59-13.pdf
Initial file size: 43388 bytes
Final file size: 43474 bytes
Timestamp (IST): 2026-01-23 10:59:15
Station code: KHED
File name: PROJECT_14_Siddhpur_JUNCTION_1_AC_1_H_20260121_160602_2026-01-23_10-59-13.pdf
Full file MD5: 299ca9def418ffc5c759821cbde42b11

--------------------------------------------------
Metadata Checksum: 2ded42c4827d94a747ee9024e2970767
Metadata Data string: KHED|43474|2026-01-23 11:07:05|PROJECT_14_Siddhpur_JUNCTION_1_AC_1_H_20260121_160602_2026-01-23_11-07-03.pdf
Initial file size: 43388 bytes
Final file size: 43474 bytes
Timestamp (IST): 2026-01-23 11:07:05
Station code: KHED
File name: PROJECT_14_Siddhpur_JUNCTION_1_AC_1_H_20260121_160602_2026-01-23_11-07-03.pdf
Full file MD5: ba544b445ff2797fef0e085ada02da63

--------------------------------------------------
Metadata Checksum: b8093a9bcc41f9173e355357bd51aa8c
Metadata Data string: KHED|43474|2026-01-23 11:10:07|PROJECT_14_Siddhpur_JUNCTION_1_AC_1_H_20260121_160602_2026-01-23_11-10-03.pdf
Initial file size: 43388 bytes
Final file size: 43474 bytes
Timestamp (IST): 2026-01-23 11:10:07
Station code: KHED
File name: PROJECT_14_Siddhpur_JUNCTION_1_AC_1_H_20260121_160602_2026-01-23_11-10-03.pdf
Full file MD5: 80a21a57f0883b7ca2436e9a73a1abd9

--------------------------------------------------
Metadata Checksum: fac1314217345535faf7ddc8df95a8e3
Metadata Data string: KHED|43474|2026-01-23 11:34:45|PROJECT_14_Siddhpur_JUNCTION_1_AC_1_H_20260121_160602_2026-01-23_11-34-42.pdf
Initial file size: 43388 bytes
Final file size: 43474 bytes
Timestamp (IST): 2026-01-23 11:34:45
Station code: KHED
File name: PROJECT_14_Siddhpur_JUNCTION_1_AC_1_H_20260121_160602_2026-01-23_11-34-42.pdf
Full file MD5: cd01a29c4bca4dd3055aea7998462713

--------------------------------------------------
Metadata Checksum: 778eb70444c2c60dddd0919a5be076ee
Metadata Data string: KHED|43474|2026-01-23 11:48:19|PROJECT_14_Siddhpur_JUNCTION_1_AC_1_H_20260121_160602_2026-01-23_11-48-16.pdf
Initial file size: 43388 bytes
Final file size: 43474 bytes
Timestamp (IST): 2026-01-23 11:48:19
Station code: KHED
File name: PROJECT_14_Siddhpur_JUNCTION_1_AC_1_H_20260121_160602_2026-01-23_11-48-16.pdf
Full file MD5: bc46666b72725a75920bf04067c29342

--------------------------------------------------
Metadata Checksum: 63f15b75687a7248483b972f68c73294
Metadata Data string: KHED|34624|2026-01-23 11:49:06|PROJECT_14_Siddhpur_JUNCTION_1_wewew_F_20260123_114838_2026-01-23_11-49-05.pdf
Initial file size: 34546 bytes
Final file size: 34624 bytes
Timestamp (IST): 2026-01-23 11:49:06
Station code: KHED
File name: PROJECT_14_Siddhpur_JUNCTION_1_wewew_F_20260123_114838_2026-01-23_11-49-05.pdf
Full file MD5: c0b5cce8ae5507035b753715e33f5d76

--------------------------------------------------
Metadata Checksum: f95b545dca75c1140d4204a5e23df598
Metadata Data string: KHED|32071|2026-01-23 11:50:46|PROJECT_50_practise_JUNCTION_1_wdw_F_20260123_115031_2026-01-23_11-50-42.pdf
Initial file size: 31898 bytes
Final file size: 32071 bytes
Timestamp (IST): 2026-01-23 11:50:46
Station code: KHED
File name: PROJECT_50_practise_JUNCTION_1_wdw_F_20260123_115031_2026-01-23_11-50-42.pdf
Full file MD5: 82d82387cdff063747ad43058745181a

--------------------------------------------------
Metadata Checksum: e9621a058d43cbcea4943ce779ea5286
Metadata Data string: KHED|35629|2026-01-23 11:52:14|PROJECT_50_practise_JUNCTION_1_wdw_F_20260123_115155_2026-01-23_11-52-03.pdf
Initial file size: 35456 bytes
Final file size: 35629 bytes
Timestamp (IST): 2026-01-23 11:52:14
Station code: KHED
File name: PROJECT_50_practise_JUNCTION_1_wdw_F_20260123_115155_2026-01-23_11-52-03.pdf
Full file MD5: 3cc44c407b7baec0dfebd4de7f6743e7

--------------------------------------------------
Metadata Checksum: fe2060384d74c19bb5a070822fb544ab
Metadata Data string: KHED|35629|2026-01-23 11:56:53|PROJECT_50_practise_JUNCTION_1_wdw_F_20260123_115642_2026-01-23_11-56-52.pdf
Initial file size: 35456 bytes
Final file size: 35629 bytes
Timestamp (IST): 2026-01-23 11:56:53
Station code: KHED
File name: PROJECT_50_practise_JUNCTION_1_wdw_F_20260123_115642_2026-01-23_11-56-52.pdf
Full file MD5: 71c69388cfce76c9990cd4852b701263

--------------------------------------------------
Metadata Checksum: 26fe7966ff74446e3c9f026845be6284
Metadata Data string: KHED|35629|2026-01-23 11:57:45|PROJECT_50_practise_JUNCTION_1_wdw_F_20260123_115734_2026-01-23_11-57-43.pdf
Initial file size: 35456 bytes
Final file size: 35629 bytes
Timestamp (IST): 2026-01-23 11:57:45
Station code: KHED
File name: PROJECT_50_practise_JUNCTION_1_wdw_F_20260123_115734_2026-01-23_11-57-43.pdf
Full file MD5: 0677d7508d29582b54e9ca5a84ad18f8

--------------------------------------------------
Metadata Checksum: 33adb0d086b6061928a86b901beda263
Metadata Data string: KHED|35957|2026-01-23 12:03:28|PROJECT_50_practise_JUNCTION_1_wdw_F_20260123_120317_2026-01-23_12-03-26.pdf
Initial file size: 35784 bytes
Final file size: 35957 bytes
Timestamp (IST): 2026-01-23 12:03:28
Station code: KHED
File name: PROJECT_50_practise_JUNCTION_1_wdw_F_20260123_120317_2026-01-23_12-03-26.pdf
Full file MD5: af84af36e505b560078dfa4c6d3b9674

--------------------------------------------------
Metadata Checksum: d87c0fa4833bc4a1904c57baca4d62e8
Metadata Data string: KHED|35957|2026-01-23 12:08:39|PROJECT_50_practise_JUNCTION_1_wdw_F_20260123_120820_2026-01-23_12-08-35.pdf
Initial file size: 35784 bytes
Final file size: 35957 bytes
Timestamp (IST): 2026-01-23 12:08:39
Station code: KHED
File name: PROJECT_50_practise_JUNCTION_1_wdw_F_20260123_120820_2026-01-23_12-08-35.pdf
Full file MD5: 0ae7cae93192b1960680f1148b99adf3

--------------------------------------------------
Metadata Checksum: 6e62d4dac899f667a7f1c6f1d8efed9e
Metadata Data string: |791|2026-01-23 12:12:52|RAILWAYPROJECT_ID50_practise_20260123_121240_2026-01-23_12-12-52.pdf
Initial file size: 876 bytes
Final file size: 791 bytes
Timestamp (IST): 2026-01-23 12:12:52
Station code: 
File name: RAILWAYPROJECT_ID50_practise_20260123_121240_2026-01-23_12-12-52.pdf
Full file MD5: be98e34868778c8a37b139c2f1f6d2f1

--------------------------------------------------
Metadata Checksum: e05982af0e227be317d6404966e0ab54
Metadata Data string: KHED|33078|2026-01-23 12:15:43|RAILWAYPROJECT_ID50_practise_20260123_121525_2026-01-23_12-15-40.pdf
Initial file size: 32908 bytes
Final file size: 33078 bytes
Timestamp (IST): 2026-01-23 12:15:43
Station code: KHED
File name: RAILWAYPROJECT_ID50_practise_20260123_121525_2026-01-23_12-15-40.pdf
Full file MD5: 3d697848775ba060f4de13e5e9c67ee4

--------------------------------------------------
Metadata Checksum: fc885d72f2d2ee28cd10a7d24a072754
Metadata Data string: KHED|32954|2026-01-23 12:19:50|RAILWAYPROJECT_ID50_practise_20260123_121938_2026-01-23_12-19-49.pdf
Initial file size: 32784 bytes
Final file size: 32954 bytes
Timestamp (IST): 2026-01-23 12:19:50
Station code: KHED
File name: RAILWAYPROJECT_ID50_practise_20260123_121938_2026-01-23_12-19-49.pdf
Full file MD5: cdd82e2cad4c211cdf35eefa2b7bb9b3

--------------------------------------------------
Metadata Checksum: 649d4eda4904879f106b9baaedead71f
Metadata Data string: KHED|32954|2026-01-23 12:24:52|RAILWAYPROJECT_ID50_practise_20260123_121938_2026-01-23_12-24-50.pdf
Initial file size: 32784 bytes
Final file size: 32954 bytes
Timestamp (IST): 2026-01-23 12:24:52
Station code: KHED
File name: RAILWAYPROJECT_ID50_practise_20260123_121938_2026-01-23_12-24-50.pdf
Full file MD5: b303edb131ae0dd8dfe4993d1193a382

--------------------------------------------------
Metadata Checksum: 6f46d7bf7348e09bd9f8381e80d0eaa5
Metadata Data string: KHED|32954|2026-01-23 12:25:46|RAILWAYPROJECT_ID50_practise_20260123_122509_2026-01-23_12-25-44.pdf
Initial file size: 32784 bytes
Final file size: 32954 bytes
Timestamp (IST): 2026-01-23 12:25:46
Station code: KHED
File name: RAILWAYPROJECT_ID50_practise_20260123_122509_2026-01-23_12-25-44.pdf
Full file MD5: 64f1b0a924f0bc29cf638455ded7a02f

--------------------------------------------------
Metadata Checksum: eb6f53e524e8906893ca036edb5e3eda
Metadata Data string: KHED|32954|2026-01-23 12:26:28|RAILWAYPROJECT_ID50_practise_20260123_122509_2026-01-23_12-26-26.pdf
Initial file size: 32784 bytes
Final file size: 32954 bytes
Timestamp (IST): 2026-01-23 12:26:28
Station code: KHED
File name: RAILWAYPROJECT_ID50_practise_20260123_122509_2026-01-23_12-26-26.pdf
Full file MD5: 291376417705f9e3e43d718b59f6240e

--------------------------------------------------
Metadata Checksum: d94cfdca724a76d35990f31455299d17
Metadata Data string: KHED|32954|2026-01-23 12:27:43|RAILWAYPROJECT_ID50_practise_20260123_122736_2026-01-23_12-27-41.pdf
Initial file size: 32784 bytes
Final file size: 32954 bytes
Timestamp (IST): 2026-01-23 12:27:43
Station code: KHED
File name: RAILWAYPROJECT_ID50_practise_20260123_122736_2026-01-23_12-27-41.pdf
Full file MD5: 879a6c398ed16f3b8aa4e02bf2722279

--------------------------------------------------
Metadata Checksum: b0b17499e7d0112e44d80ee9e248fd45
Metadata Data string: KHED|21129|2026-01-23 13:52:30|PREVIEW_RAILWAYPROJECT_ID50_practise_20260123_135214_2026-01-23_13-52-29.pdf
Initial file size: 20955 bytes
Final file size: 21129 bytes
Timestamp (IST): 2026-01-23 13:52:30
Station code: KHED
File name: PREVIEW_RAILWAYPROJECT_ID50_practise_20260123_135214_2026-01-23_13-52-29.pdf
Full file MD5: 09102c8b371358216da045f31f286ac2

--------------------------------------------------
Metadata Checksum: 070300284c59445b4443a5db1f48aba8
Metadata Data string: KHED|31988|2026-01-23 14:00:59|PROJECT_50_practise_JUNCTION_1_a1_F_20260123_140047_2026-01-23_14-00-58.pdf
Initial file size: 31814 bytes
Final file size: 31988 bytes
Timestamp (IST): 2026-01-23 14:00:59
Station code: KHED
File name: PROJECT_50_practise_JUNCTION_1_a1_F_20260123_140047_2026-01-23_14-00-58.pdf
Full file MD5: 7befef433658d4337b0edcc2cceae8ad

--------------------------------------------------
Metadata Checksum: bbb2a31d90895e75012f6ef6178ef1f3
Metadata Data string: KHED|31010|2026-01-23 14:03:33|RAILWAYPROJECT_ID50_practise_20260123_122736_2026-01-23_14-03-31.pdf
Initial file size: 30840 bytes
Final file size: 31010 bytes
Timestamp (IST): 2026-01-23 14:03:33
Station code: KHED
File name: RAILWAYPROJECT_ID50_practise_20260123_122736_2026-01-23_14-03-31.pdf
Full file MD5: 029dfa738ff7af348fa3c5d1a682cd68

--------------------------------------------------
Metadata Checksum: 1cb522ed19a81d5bbe07ad3bceb7d6df
Metadata Data string: KHED|19342|2026-01-23 14:03:39|PREVIEW_RAILWAYPROJECT_ID50_practise_20260123_135214_2026-01-23_14-03-37.pdf
Initial file size: 19168 bytes
Final file size: 19342 bytes
Timestamp (IST): 2026-01-23 14:03:39
Station code: KHED
File name: PREVIEW_RAILWAYPROJECT_ID50_practise_20260123_135214_2026-01-23_14-03-37.pdf
Full file MD5: ee5f01ef91c1a5ea4c76539271874e52

--------------------------------------------------
Metadata Checksum: 0839159c1b663f90928a28239e6f7fbc
Metadata Data string: KHED|30166|2026-01-23 14:03:43|PROJECT_50_practise_JUNCTION_1_a1_F_20260123_140047_2026-01-23_14-03-42.pdf
Initial file size: 29992 bytes
Final file size: 30166 bytes
Timestamp (IST): 2026-01-23 14:03:43
Station code: KHED
File name: PROJECT_50_practise_JUNCTION_1_a1_F_20260123_140047_2026-01-23_14-03-42.pdf
Full file MD5: d7e1ae6b62b1e91e0e70f8200f12acc5

--------------------------------------------------
Metadata Checksum: f80b68d333c1120b664af511d98a03cd
Metadata Data string: KHED|33976|2026-01-23 14:24:58|RAILWAYPROJECT_ID50_practise_20260123_142439_2026-01-23_14-24-57.pdf
Initial file size: 33845 bytes
Final file size: 33976 bytes
Timestamp (IST): 2026-01-23 14:24:58
Station code: KHED
File name: RAILWAYPROJECT_ID50_practise_20260123_142439_2026-01-23_14-24-57.pdf
Full file MD5: cd679e7bb5d8ea99c6eb24823b0726a7

--------------------------------------------------
Metadata Checksum: 752a4671f2d529bfbf064120dc6fc204
Metadata Data string: KHED|30166|2026-01-23 14:26:06|PROJECT_50_practise_JUNCTION_1_a1_F_20260123_141707_2026-01-23_14-26-05.pdf
Initial file size: 29992 bytes
Final file size: 30166 bytes
Timestamp (IST): 2026-01-23 14:26:06
Station code: KHED
File name: PROJECT_50_practise_JUNCTION_1_a1_F_20260123_141707_2026-01-23_14-26-05.pdf
Full file MD5: d53e8dd4aa4b1ad66b4d4935f052d8d3

--------------------------------------------------
Metadata Checksum: 98d78eb74891b0919abb67aba3995a1b
Metadata Data string: KHED|31681|2026-01-23 14:26:11|RAILWAYPROJECT_ID50_practise_20260123_142439_2026-01-23_14-26-09.pdf
Initial file size: 31550 bytes
Final file size: 31681 bytes
Timestamp (IST): 2026-01-23 14:26:11
Station code: KHED
File name: RAILWAYPROJECT_ID50_practise_20260123_142439_2026-01-23_14-26-09.pdf
Full file MD5: 1d6135a7963cd00c2112c32d7607d14e

--------------------------------------------------
Metadata Checksum: a639828d1c87e66f448c0f8d5b1ed267
Metadata Data string: KHED|31681|2026-01-23 14:26:45|RAILWAYPROJECT_ID50_practise_20260123_142635_2026-01-23_14-26-44.pdf
Initial file size: 31550 bytes
Final file size: 31681 bytes
Timestamp (IST): 2026-01-23 14:26:45
Station code: KHED
File name: RAILWAYPROJECT_ID50_practise_20260123_142635_2026-01-23_14-26-44.pdf
Full file MD5: 0f4e8ca871330961940f8054ce886f88

--------------------------------------------------
Metadata Checksum: a5a3bcb69ce0e3d5d4b1d7c79f5a35a6
Metadata Data string: KHED|19737|2026-01-23 14:27:38|PROJECT_50_practise_JUNCTION_2_a2_F_20260123_142727_2026-01-23_14-27-37.pdf
Initial file size: 19563 bytes
Final file size: 19737 bytes
Timestamp (IST): 2026-01-23 14:27:38
Station code: KHED
File name: PROJECT_50_practise_JUNCTION_2_a2_F_20260123_142727_2026-01-23_14-27-37.pdf
Full file MD5: 6f136bcd6f55efb129de63bbce4982b4

--------------------------------------------------
Metadata Checksum: a818a22352b453e4a478999a65e42fe0
Metadata Data string: KHED|19737|2026-01-23 14:28:41|PROJECT_50_practise_JUNCTION_2_a2_F_20260123_142832_2026-01-23_14-28-41.pdf
Initial file size: 19563 bytes
Final file size: 19737 bytes
Timestamp (IST): 2026-01-23 14:28:41
Station code: KHED
File name: PROJECT_50_practise_JUNCTION_2_a2_F_20260123_142832_2026-01-23_14-28-41.pdf
Full file MD5: a810f023fa0a10f71adfd2fdc3a4778f

--------------------------------------------------
Metadata Checksum: a5a61ebfeb6cb0ed9836c78134a1af19
Metadata Data string: KHED|36611|2026-01-23 14:30:18|PROJECT_50_practise_JUNCTION_3_z1_F_20260123_143011_2026-01-23_14-30-15.pdf
Initial file size: 36437 bytes
Final file size: 36611 bytes
Timestamp (IST): 2026-01-23 14:30:18
Station code: KHED
File name: PROJECT_50_practise_JUNCTION_3_z1_F_20260123_143011_2026-01-23_14-30-15.pdf
Full file MD5: c18d4867ad7b01988b22824f37007c6a

--------------------------------------------------
Metadata Checksum: 11b2461e565c5c6abc206368eb290062
Metadata Data string: KHED|38275|2026-01-23 14:31:03|PROJECT_50_practise_JUNCTION_3_z1_F_20260123_143051_2026-01-23_14-31-01.pdf
Initial file size: 38101 bytes
Final file size: 38275 bytes
Timestamp (IST): 2026-01-23 14:31:03
Station code: KHED
File name: PROJECT_50_practise_JUNCTION_3_z1_F_20260123_143051_2026-01-23_14-31-01.pdf
Full file MD5: 450ecd1bb10d7719c7cca23157a37df7

--------------------------------------------------
Metadata Checksum: cd13fe98ec9f32cef0d8e11d8b64f506
Metadata Data string: KHED|46174|2026-01-23 14:32:13|PROJECT_50_practise_JUNCTION_3_z1_F_20260123_143156_2026-01-23_14-32-10.pdf
Initial file size: 46000 bytes
Final file size: 46174 bytes
Timestamp (IST): 2026-01-23 14:32:13
Station code: KHED
File name: PROJECT_50_practise_JUNCTION_3_z1_F_20260123_143156_2026-01-23_14-32-10.pdf
Full file MD5: b58342d6bfb135907a7dece2f70f6be6

--------------------------------------------------
Metadata Checksum: c4502e115168c2deb361f8068b93a569
Metadata Data string: KHED|36611|2026-01-23 14:32:52|PROJECT_50_practise_JUNCTION_3_z1_F_20260123_143051_2026-01-23_14-32-50.pdf
Initial file size: 36437 bytes
Final file size: 36611 bytes
Timestamp (IST): 2026-01-23 14:32:52
Station code: KHED
File name: PROJECT_50_practise_JUNCTION_3_z1_F_20260123_143051_2026-01-23_14-32-50.pdf
Full file MD5: 89ca4d1c88a99a1553edd974b55e2043

--------------------------------------------------
Metadata Checksum: 4fbb54ae3845713c90db66f7c600abd4
Metadata Data string: KHED|44420|2026-01-23 14:33:00|PROJECT_50_practise_JUNCTION_3_z1_F_20260123_143150_2026-01-23_14-32-56.pdf
Initial file size: 44246 bytes
Final file size: 44420 bytes
Timestamp (IST): 2026-01-23 14:33:00
Station code: KHED
File name: PROJECT_50_practise_JUNCTION_3_z1_F_20260123_143150_2026-01-23_14-32-56.pdf
Full file MD5: 6381164fc5c685e6dde382a0a1880d8c

--------------------------------------------------
Metadata Checksum: fb89c641c258fc53d1d3dbc16ffd2dd9
Metadata Data string: KHED|44420|2026-01-23 14:33:07|PROJECT_50_practise_JUNCTION_3_z1_F_20260123_143156_2026-01-23_14-33-03.pdf
Initial file size: 44246 bytes
Final file size: 44420 bytes
Timestamp (IST): 2026-01-23 14:33:07
Station code: KHED
File name: PROJECT_50_practise_JUNCTION_3_z1_F_20260123_143156_2026-01-23_14-33-03.pdf
Full file MD5: 0bf986bac519a1eb5fd8e528b16b0ed6

--------------------------------------------------
Metadata Checksum: 64102c6cc1219c5170bb3dfbeecc0f80
Metadata Data string: KHED|46174|2026-01-23 14:39:57|PROJECT_50_practise_JUNCTION_3_z1_F_20260123_143947_2026-01-23_14-39-54.pdf
Initial file size: 46000 bytes
Final file size: 46174 bytes
Timestamp (IST): 2026-01-23 14:39:57
Station code: KHED
File name: PROJECT_50_practise_JUNCTION_3_z1_F_20260123_143947_2026-01-23_14-39-54.pdf
Full file MD5: dab3c8a9afc06dcf04526076e7cf60c7

--------------------------------------------------
Metadata Checksum: 6a86077e54e6f30f7a035101eb26c46d
Metadata Data string: KHED|46474|2026-01-23 14:41:01|PROJECT_50_practise_JUNCTION_3_z1_F_20260123_144050_2026-01-23_14-40-59.pdf
Initial file size: 46300 bytes
Final file size: 46474 bytes
Timestamp (IST): 2026-01-23 14:41:01
Station code: KHED
File name: PROJECT_50_practise_JUNCTION_3_z1_F_20260123_144050_2026-01-23_14-40-59.pdf
Full file MD5: d1e5cee09d232fdcc2017aae2ebf86a9

--------------------------------------------------
Metadata Checksum: 3415b9a8e5bfda61fbaddc199707f781
Metadata Data string: VNA|90779|2026-01-23 17:29:24|PREVIEW_RAILWAYPROJECT_ID52_VNA_20260123_172856_2026-01-23_17-29-02.pdf
Initial file size: 90665 bytes
Final file size: 90779 bytes
Timestamp (IST): 2026-01-23 17:29:24
Station code: VNA
File name: PREVIEW_RAILWAYPROJECT_ID52_VNA_20260123_172856_2026-01-23_17-29-02.pdf
Full file MD5: a27ca53aeaa686c873c036178b1dbb9f

--------------------------------------------------
Metadata Checksum: 784ff51f92a2f9db43f43d9284b4153d
Metadata Data string: |791|2026-01-24 11:20:01|PROJECT_53_MEHUL_JUNCTION_2_aq_F_20260124_111947_2026-01-24_11-20-01.pdf
Initial file size: 872 bytes
Final file size: 791 bytes
Timestamp (IST): 2026-01-24 11:20:01
Station code: 
File name: PROJECT_53_MEHUL_JUNCTION_2_aq_F_20260124_111947_2026-01-24_11-20-01.pdf
Full file MD5: c36004d3ffd5d7a527b059a18dce8867

--------------------------------------------------
Metadata Checksum: b8f7bcc95798041b21d5c046c77a5b84
Metadata Data string: MEHU|25945|2026-01-24 11:20:48|PROJECT_53_MEHUL_JUNCTION_2_aq_F_20260124_112042_2026-01-24_11-20-44.pdf
Initial file size: 25771 bytes
Final file size: 25945 bytes
Timestamp (IST): 2026-01-24 11:20:48
Station code: MEHU
File name: PROJECT_53_MEHUL_JUNCTION_2_aq_F_20260124_112042_2026-01-24_11-20-44.pdf
Full file MD5: bcfb016df6c07544188af98488ea0720

--------------------------------------------------
Metadata Checksum: e9a9cccf03b75b09a025d3236e0ad807
Metadata Data string: MEHU|46721|2026-01-24 11:41:04|PROJECT_53_MEHUL_JUNCTION_3_df_F_20260124_114052_2026-01-24_11-41-02.pdf
Initial file size: 46547 bytes
Final file size: 46721 bytes
Timestamp (IST): 2026-01-24 11:41:04
Station code: MEHU
File name: PROJECT_53_MEHUL_JUNCTION_3_df_F_20260124_114052_2026-01-24_11-41-02.pdf
Full file MD5: 95c2c5a03cebf6b7eb0d7437e1670ffb

--------------------------------------------------
Metadata Checksum: ebca4b80485fd2d1cfc3eda5f726c2a4
Metadata Data string: MEHU|57925|2026-01-24 11:41:50|RAILWAYPROJECT_ID53_MEHUL_20260124_114137_2026-01-24_11-41-47.pdf
Initial file size: 57837 bytes
Final file size: 57925 bytes
Timestamp (IST): 2026-01-24 11:41:50
Station code: MEHU
File name: RAILWAYPROJECT_ID53_MEHUL_20260124_114137_2026-01-24_11-41-47.pdf
Full file MD5: 5b62dc7a95d4c9eb83f0512474f3ea86

--------------------------------------------------
Metadata Checksum: cd2a7bbcd0bd5a40492a79736fddd67d
Metadata Data string: MEHU|25945|2026-01-24 14:55:05|PROJECT_53_MEHUL_JUNCTION_2_aq_F_20260124_121245_2026-01-24_14-55-04.pdf
Initial file size: 25771 bytes
Final file size: 25945 bytes
Timestamp (IST): 2026-01-24 14:55:05
Station code: MEHU
File name: PROJECT_53_MEHUL_JUNCTION_2_aq_F_20260124_121245_2026-01-24_14-55-04.pdf
Full file MD5: 1a4c3adb7f7a9236f1085de8e4007e2b

--------------------------------------------------
Metadata Checksum: 47688083bf1626e6f63f75326ff3e439
Metadata Data string: |791|2026-01-24 14:55:09|PROJECT_54_Ahmedabad_JUNCTION_1_A1_F_20260124_145433_2026-01-24_14-55-09.pdf
Initial file size: 872 bytes
Final file size: 791 bytes
Timestamp (IST): 2026-01-24 14:55:09
Station code: 
File name: PROJECT_54_Ahmedabad_JUNCTION_1_A1_F_20260124_145433_2026-01-24_14-55-09.pdf
Full file MD5: 845282ce63c42cd1fa8bfe3bbc9f17b4

--------------------------------------------------
Metadata Checksum: 0d7fe75c2828bdfed8691772939987c2
Metadata Data string: |791|2026-01-24 14:56:33|PROJECT_54_Ahmedabad_JUNCTION_3_A3_F_20260124_145625_2026-01-24_14-56-33.pdf
Initial file size: 872 bytes
Final file size: 791 bytes
Timestamp (IST): 2026-01-24 14:56:33
Station code: 
File name: PROJECT_54_Ahmedabad_JUNCTION_3_A3_F_20260124_145625_2026-01-24_14-56-33.pdf
Full file MD5: f37a64020dd5162fbcf365e2259f6a8e

--------------------------------------------------
Metadata Checksum: 514b10779258d33359866cdb3f91f30c
Metadata Data string: |791|2026-01-24 15:01:16|PROJECT_54_Ahmedabad_JUNCTION_3_A3_F_20260124_150104_2026-01-24_15-01-16.pdf
Initial file size: 872 bytes
Final file size: 791 bytes
Timestamp (IST): 2026-01-24 15:01:16
Station code: 
File name: PROJECT_54_Ahmedabad_JUNCTION_3_A3_F_20260124_150104_2026-01-24_15-01-16.pdf
Full file MD5: 46619136340762d95766d6054ab994da

--------------------------------------------------
Metadata Checksum: f236674a0da3d9757a27904c4ef12dc9
Metadata Data string: |791|2026-01-24 15:01:54|PROJECT_54_Ahmedabad_JUNCTION_3_A3_F_20260124_150104_2026-01-24_15-01-54.pdf
Initial file size: 872 bytes
Final file size: 791 bytes
Timestamp (IST): 2026-01-24 15:01:54
Station code: 
File name: PROJECT_54_Ahmedabad_JUNCTION_3_A3_F_20260124_150104_2026-01-24_15-01-54.pdf
Full file MD5: 2c1bc67931e4807c230d351cb776abaf

--------------------------------------------------
Metadata Checksum: 736b4ab99316cf429c8a3021409e366d
Metadata Data string: |791|2026-01-24 15:01:58|PROJECT_54_Ahmedabad_JUNCTION_3_A3_F_20260124_150154_2026-01-24_15-01-57.pdf
Initial file size: 872 bytes
Final file size: 791 bytes
Timestamp (IST): 2026-01-24 15:01:58
Station code: 
File name: PROJECT_54_Ahmedabad_JUNCTION_3_A3_F_20260124_150154_2026-01-24_15-01-57.pdf
Full file MD5: d3ff2a3ec6e79f512befd4019ec2ef68

--------------------------------------------------
Metadata Checksum: 6c6b8dd881340c5230409aee2011db64
Metadata Data string: AHME|35775|2026-01-24 15:03:23|PROJECT_54_Ahmedabad_JUNCTION_3_A3_F_20260124_150311_2026-01-24_15-03-21.pdf
Initial file size: 35601 bytes
Final file size: 35775 bytes
Timestamp (IST): 2026-01-24 15:03:23
Station code: AHME
File name: PROJECT_54_Ahmedabad_JUNCTION_3_A3_F_20260124_150311_2026-01-24_15-03-21.pdf
Full file MD5: ff4afb9b891ebfce43d02a161c9f512f

--------------------------------------------------
Metadata Checksum: 3321efd805d8481a20e0673579c09980
Metadata Data string: AHME|35775|2026-01-24 15:04:18|PROJECT_54_Ahmedabad_JUNCTION_3_A3_F_20260124_150413_2026-01-24_15-04-16.pdf
Initial file size: 35601 bytes
Final file size: 35775 bytes
Timestamp (IST): 2026-01-24 15:04:18
Station code: AHME
File name: PROJECT_54_Ahmedabad_JUNCTION_3_A3_F_20260124_150413_2026-01-24_15-04-16.pdf
Full file MD5: 896517feccaf668914be37d6fc88c813

--------------------------------------------------
Metadata Checksum: f19241b6633d17fcb037c5298ba1320e
Metadata Data string: AHME|37916|2026-01-24 15:12:28|PROJECT_54_Ahmedabad_JUNCTION_3_A3_F_20260124_151221_2026-01-24_15-12-26.pdf
Initial file size: 37742 bytes
Final file size: 37916 bytes
Timestamp (IST): 2026-01-24 15:12:28
Station code: AHME
File name: PROJECT_54_Ahmedabad_JUNCTION_3_A3_F_20260124_151221_2026-01-24_15-12-26.pdf
Full file MD5: 17edbf04025c1c0e39cd58b2d323ceed

--------------------------------------------------
Metadata Checksum: cdf224d2b30d55ec5e5d224dcecbf909
Metadata Data string: |791|2026-01-28 17:13:45|PROJECT_56_vhg_JUNCTION_1_qq_F_20260128_170723_2026-01-28_17-13-45.pdf
Initial file size: 868 bytes
Final file size: 791 bytes
Timestamp (IST): 2026-01-28 17:13:45
Station code: 
File name: PROJECT_56_vhg_JUNCTION_1_qq_F_20260128_170723_2026-01-28_17-13-45.pdf
Full file MD5: ad9fd4208b869449a5c58759a30517fe

--------------------------------------------------
Metadata Checksum: 24e75e10bc7f9cf00ec1dc058b2cefd4
Metadata Data string: |791|2026-01-28 17:15:18|PROJECT_56_vhg_JUNCTION_1_qq_F_20260128_170723_2026-01-28_17-15-18.pdf
Initial file size: 868 bytes
Final file size: 791 bytes
Timestamp (IST): 2026-01-28 17:15:18
Station code: 
File name: PROJECT_56_vhg_JUNCTION_1_qq_F_20260128_170723_2026-01-28_17-15-18.pdf
Full file MD5: 19f91777312e047977a22e7f62ccab10

--------------------------------------------------
Metadata Checksum: b47aeceb6649bc25a30a0b2887adc41d
Metadata Data string: VHG|19323|2026-01-28 17:15:22|PROJECT_56_vhg_JUNCTION_1_qq_F_20260128_171505_2026-01-28_17-15-22.pdf
Initial file size: 19148 bytes
Final file size: 19323 bytes
Timestamp (IST): 2026-01-28 17:15:22
Station code: VHG
File name: PROJECT_56_vhg_JUNCTION_1_qq_F_20260128_171505_2026-01-28_17-15-22.pdf
Full file MD5: fce71dc09033d1229392b0be587e40fd

--------------------------------------------------
Metadata Checksum: 8835d479d7546a33a1f09cf8d5ea24a6
Metadata Data string: VHG|40788|2026-01-28 17:16:07|PROJECT_56_vhg_JUNCTION_2_qq1_F_20260128_171557_2026-01-28_17-16-06.pdf
Initial file size: 40614 bytes
Final file size: 40788 bytes
Timestamp (IST): 2026-01-28 17:16:07
Station code: VHG
File name: PROJECT_56_vhg_JUNCTION_2_qq1_F_20260128_171557_2026-01-28_17-16-06.pdf
Full file MD5: 75ea20ea8e2b694bcb8f38055ae3c8ee

--------------------------------------------------
Metadata Checksum: a88baa3a497172012b5d9fe2bd4ba707
Metadata Data string: VHG|40788|2026-01-28 17:16:42|PROJECT_56_vhg_JUNCTION_2_qq1_F_20260128_171557_2026-01-28_17-16-40.pdf
Initial file size: 40614 bytes
Final file size: 40788 bytes
Timestamp (IST): 2026-01-28 17:16:42
Station code: VHG
File name: PROJECT_56_vhg_JUNCTION_2_qq1_F_20260128_171557_2026-01-28_17-16-40.pdf
Full file MD5: 8856c8c05f564d3510feb4ce572f2dde

--------------------------------------------------
Metadata Checksum: 6b40f2ec3ddcad29e5ebe538243a1441
Metadata Data string: VHG|40788|2026-01-28 17:16:48|PROJECT_56_vhg_JUNCTION_2_qq1_F_20260128_171557_2026-01-28_17-16-46.pdf
Initial file size: 40614 bytes
Final file size: 40788 bytes
Timestamp (IST): 2026-01-28 17:16:48
Station code: VHG
File name: PROJECT_56_vhg_JUNCTION_2_qq1_F_20260128_171557_2026-01-28_17-16-46.pdf
Full file MD5: 920936133f43ec32438760539e756205

--------------------------------------------------
Metadata Checksum: 17f40ae6005ad7b5d22bce43affe67f7
Metadata Data string: VHG|40788|2026-01-28 17:22:28|PROJECT_56_vhg_JUNCTION_2_qq1_F_20260128_171557_2026-01-28_17-22-27.pdf
Initial file size: 40614 bytes
Final file size: 40788 bytes
Timestamp (IST): 2026-01-28 17:22:28
Station code: VHG
File name: PROJECT_56_vhg_JUNCTION_2_qq1_F_20260128_171557_2026-01-28_17-22-27.pdf
Full file MD5: f1f326ee9adab0baaa0149d8c797d3fd

--------------------------------------------------
Metadata Checksum: 6ea1cfb1d6d447bdc96021b2b4fb1548
Metadata Data string: VHG|40788|2026-01-28 17:24:16|PROJECT_56_vhg_JUNCTION_2_qq1_F_20260128_171557_2026-01-28_17-24-15.pdf
Initial file size: 40614 bytes
Final file size: 40788 bytes
Timestamp (IST): 2026-01-28 17:24:16
Station code: VHG
File name: PROJECT_56_vhg_JUNCTION_2_qq1_F_20260128_171557_2026-01-28_17-24-15.pdf
Full file MD5: ef5e60367ca189bbf15be089bdcf2a18

--------------------------------------------------
Metadata Checksum: 6fa6333d6830ba0a1191f17da730fee0
Metadata Data string: VHG|40788|2026-01-28 17:25:10|PROJECT_56_vhg_JUNCTION_2_qq1_F_20260128_171557_2026-01-28_17-25-09.pdf
Initial file size: 40614 bytes
Final file size: 40788 bytes
Timestamp (IST): 2026-01-28 17:25:10
Station code: VHG
File name: PROJECT_56_vhg_JUNCTION_2_qq1_F_20260128_171557_2026-01-28_17-25-09.pdf
Full file MD5: 1bcd64aef79edafc3e9bcf1d6ec3254b

--------------------------------------------------
Metadata Checksum: 3aaf77286a6ecc7bc1105983fe925b78
Metadata Data string: VHG|40788|2026-01-28 17:25:28|PROJECT_56_vhg_JUNCTION_2_qq1_F_20260128_171557_2026-01-28_17-25-27.pdf
Initial file size: 40614 bytes
Final file size: 40788 bytes
Timestamp (IST): 2026-01-28 17:25:28
Station code: VHG
File name: PROJECT_56_vhg_JUNCTION_2_qq1_F_20260128_171557_2026-01-28_17-25-27.pdf
Full file MD5: c3c1cd8058a594e5333b093a11e0b4fd

--------------------------------------------------
Metadata Checksum: dcb5b6fad94651abbf2e087e39e18b45
Metadata Data string: VHG|40788|2026-01-28 17:25:42|PROJECT_56_vhg_JUNCTION_2_qq1_F_20260128_171557_2026-01-28_17-25-41.pdf
Initial file size: 40614 bytes
Final file size: 40788 bytes
Timestamp (IST): 2026-01-28 17:25:42
Station code: VHG
File name: PROJECT_56_vhg_JUNCTION_2_qq1_F_20260128_171557_2026-01-28_17-25-41.pdf
Full file MD5: b65312dde2bb38a88355d2ea3621e4b3

--------------------------------------------------
Metadata Checksum: dc0b0aaefa26807517f077151d03dd96
Metadata Data string: VHG|40788|2026-01-28 17:25:54|PROJECT_56_vhg_JUNCTION_2_qq1_F_20260128_172507_2026-01-28_17-25-53.pdf
Initial file size: 40614 bytes
Final file size: 40788 bytes
Timestamp (IST): 2026-01-28 17:25:54
Station code: VHG
File name: PROJECT_56_vhg_JUNCTION_2_qq1_F_20260128_172507_2026-01-28_17-25-53.pdf
Full file MD5: 3ef3cd7c4f5b4cd097b3944656d76afa

--------------------------------------------------
Metadata Checksum: e4377284565e1c88848ecc07d4fee505
Metadata Data string: VHG|40788|2026-01-28 17:27:10|PROJECT_56_vhg_JUNCTION_2_qq1_F_20260128_172507_2026-01-28_17-27-09.pdf
Initial file size: 40614 bytes
Final file size: 40788 bytes
Timestamp (IST): 2026-01-28 17:27:10
Station code: VHG
File name: PROJECT_56_vhg_JUNCTION_2_qq1_F_20260128_172507_2026-01-28_17-27-09.pdf
Full file MD5: 94401eb61c459998245e6e3188d9f372

--------------------------------------------------
Metadata Checksum: d1664db89df0313a599a088bf615b584
Metadata Data string: VHG|40788|2026-01-28 17:27:41|PROJECT_56_vhg_JUNCTION_2_qq1_F_20260128_172507_2026-01-28_17-27-39.pdf
Initial file size: 40614 bytes
Final file size: 40788 bytes
Timestamp (IST): 2026-01-28 17:27:41
Station code: VHG
File name: PROJECT_56_vhg_JUNCTION_2_qq1_F_20260128_172507_2026-01-28_17-27-39.pdf
Full file MD5: 48d2c40a6d94e129ee16063f1a8d7caf

--------------------------------------------------
Metadata Checksum: a951610c123e13fc8e73e93cec86230c
Metadata Data string: VHG|40788|2026-01-28 18:40:59|PROJECT_56_vhg_JUNCTION_2_qq1_F_20260128_172507_2026-01-28_18-40-58.pdf
Initial file size: 40614 bytes
Final file size: 40788 bytes
Timestamp (IST): 2026-01-28 18:40:59
Station code: VHG
File name: PROJECT_56_vhg_JUNCTION_2_qq1_F_20260128_172507_2026-01-28_18-40-58.pdf
Full file MD5: 5ebfc2462765bc5b0693e3e107f0121b

--------------------------------------------------
Metadata Checksum: f051998e2718e58b3e275386c422cc11
Metadata Data string: VHG|40788|2026-01-29 09:56:18|PROJECT_56_vhg_JUNCTION_2_qq1_F_20260129_095215_2026-01-29_09-56-17.pdf
Initial file size: 40614 bytes
Final file size: 40788 bytes
Timestamp (IST): 2026-01-29 09:56:18
Station code: VHG
File name: PROJECT_56_vhg_JUNCTION_2_qq1_F_20260129_095215_2026-01-29_09-56-17.pdf
Full file MD5: a8a3e4e73e783682630380ab0ee9fc33

--------------------------------------------------
Metadata Checksum: 8904c0b4b2a17d3ae8652ab881b86d9e
Metadata Data string: VHG|40788|2026-01-29 09:56:24|PROJECT_56_vhg_JUNCTION_2_qq1_F_20260129_095215_2026-01-29_09-56-23.pdf
Initial file size: 40614 bytes
Final file size: 40788 bytes
Timestamp (IST): 2026-01-29 09:56:24
Station code: VHG
File name: PROJECT_56_vhg_JUNCTION_2_qq1_F_20260129_095215_2026-01-29_09-56-23.pdf
Full file MD5: 239f15be5b7b8f4d673e81123d83935d

--------------------------------------------------
Metadata Checksum: bb760b6f5b26d416ae474a8e512b1deb
Metadata Data string: VHG|40788|2026-01-29 09:57:14|PROJECT_56_vhg_JUNCTION_2_qq1_F_20260129_095215_2026-01-29_09-57-13.pdf
Initial file size: 40614 bytes
Final file size: 40788 bytes
Timestamp (IST): 2026-01-29 09:57:14
Station code: VHG
File name: PROJECT_56_vhg_JUNCTION_2_qq1_F_20260129_095215_2026-01-29_09-57-13.pdf
Full file MD5: 54aab4d09a1049cc4abdd4f459632f90

--------------------------------------------------
Metadata Checksum: 00f3712cf58aa20080aafb28ec1134d6
Metadata Data string: VHG|40788|2026-01-29 10:32:19|PROJECT_56_vhg_JUNCTION_2_qq1_F_20260129_095215_2026-01-29_10-32-17.pdf
Initial file size: 40614 bytes
Final file size: 40788 bytes
Timestamp (IST): 2026-01-29 10:32:19
Station code: VHG
File name: PROJECT_56_vhg_JUNCTION_2_qq1_F_20260129_095215_2026-01-29_10-32-17.pdf
Full file MD5: ec17222e5f40787756985c3f819739dc

--------------------------------------------------
Metadata Checksum: 2c2daddecdb64ed9112c8b9d1b4edc5f
Metadata Data string: VHG|40788|2026-01-29 10:32:38|PROJECT_56_vhg_JUNCTION_2_qq1_F_20260129_095215_2026-01-29_10-32-37.pdf
Initial file size: 40614 bytes
Final file size: 40788 bytes
Timestamp (IST): 2026-01-29 10:32:38
Station code: VHG
File name: PROJECT_56_vhg_JUNCTION_2_qq1_F_20260129_095215_2026-01-29_10-32-37.pdf
Full file MD5: 223963cd5d8ec03393846b90383ceef5

--------------------------------------------------
Metadata Checksum: 0f1e25e61e1161a02f5e8cc58304f630
Metadata Data string: VHG|40788|2026-01-29 10:38:08|PROJECT_56_vhg_JUNCTION_2_qq1_F_20260129_103803_2026-01-29_10-38-07.pdf
Initial file size: 40614 bytes
Final file size: 40788 bytes
Timestamp (IST): 2026-01-29 10:38:08
Station code: VHG
File name: PROJECT_56_vhg_JUNCTION_2_qq1_F_20260129_103803_2026-01-29_10-38-07.pdf
Full file MD5: 37d605832d6f055b5c2c4ffc8a64298b

--------------------------------------------------
Metadata Checksum: 1d4a9f3901bc0ebc1d0eabed5934c390
Metadata Data string: VHG|40788|2026-01-29 11:45:11|PROJECT_56_vhg_JUNCTION_2_qq1_F_20260129_103803_2026-01-29_11-45-09.pdf
Initial file size: 40614 bytes
Final file size: 40788 bytes
Timestamp (IST): 2026-01-29 11:45:11
Station code: VHG
File name: PROJECT_56_vhg_JUNCTION_2_qq1_F_20260129_103803_2026-01-29_11-45-09.pdf
Full file MD5: 27e3efc362cac4a51c184c06e9412bb3

--------------------------------------------------
Metadata Checksum: 6bb51a53b62e04fff5a335a03b4a7ec4
Metadata Data string: VHG|40788|2026-01-29 11:45:56|PROJECT_56_vhg_JUNCTION_2_qq1_F_20260129_103803_2026-01-29_11-45-55.pdf
Initial file size: 40614 bytes
Final file size: 40788 bytes
Timestamp (IST): 2026-01-29 11:45:56
Station code: VHG
File name: PROJECT_56_vhg_JUNCTION_2_qq1_F_20260129_103803_2026-01-29_11-45-55.pdf
Full file MD5: d2a4deb017d5022b5e6e9824c36bee91

--------------------------------------------------
Metadata Checksum: 74496a36a9060f5d508a67613c7855ac
Metadata Data string: VHG|40788|2026-01-29 11:55:11|PROJECT_56_vhg_JUNCTION_2_qq1_F_20260129_115500_2026-01-29_11-55-10.pdf
Initial file size: 40614 bytes
Final file size: 40788 bytes
Timestamp (IST): 2026-01-29 11:55:11
Station code: VHG
File name: PROJECT_56_vhg_JUNCTION_2_qq1_F_20260129_115500_2026-01-29_11-55-10.pdf
Full file MD5: c84391a4b3d21420bc36adfe9726d8eb

--------------------------------------------------
Metadata Checksum: 3854db6f56f5f2f462d2ac0c9bbed558
Metadata Data string: VHG|22693|2026-01-29 12:04:27|Terminal_Symbols_Centered_Fixed_Size_2026-01-29_12-04-26.pdf
Initial file size: 22693 bytes
Final file size: 22693 bytes
Timestamp (IST): 2026-01-29 12:04:27
Station code: VHG
File name: Terminal_Symbols_Centered_Fixed_Size_2026-01-29_12-04-26.pdf
Full file MD5: 13893cfd7cabf5e964ad8b71193115ce

--------------------------------------------------
Metadata Checksum: 873473888c9117f893e46111dc2ad01c
Metadata Data string: VHG|22735|2026-01-29 12:22:01|Terminal_Symbols_Centered_Fixed_Size_2026-01-29_12-22-00.pdf
Initial file size: 22735 bytes
Final file size: 22735 bytes
Timestamp (IST): 2026-01-29 12:22:01
Station code: VHG
File name: Terminal_Symbols_Centered_Fixed_Size_2026-01-29_12-22-00.pdf
Full file MD5: 1a41ebc7de0635f8d6d417160fd25962

--------------------------------------------------
Metadata Checksum: 8186b1722ab81bc541ee51baa652afd7
Metadata Data string: AHM|8901|2026-01-29 12:28:31|Terminal_Symbols_Centered_Fixed_Size_2026-01-29_12-28-31.pdf
Initial file size: 8901 bytes
Final file size: 8901 bytes
Timestamp (IST): 2026-01-29 12:28:31
Station code: AHM
File name: Terminal_Symbols_Centered_Fixed_Size_2026-01-29_12-28-31.pdf
Full file MD5: 7cef1244fad305f65c97a8691271e650

--------------------------------------------------
Metadata Checksum: d01ffa2838660aafb75e1d222f0da632
Metadata Data string: AHM|9015|2026-01-29 12:32:56|Terminal_Symbols_Centered_Fixed_Size_2026-01-29_12-32-55.pdf
Initial file size: 9015 bytes
Final file size: 9015 bytes
Timestamp (IST): 2026-01-29 12:32:56
Station code: AHM
File name: Terminal_Symbols_Centered_Fixed_Size_2026-01-29_12-32-55.pdf
Full file MD5: 4fa362e8c17872a6aec58dc7b6c62118

--------------------------------------------------
Metadata Checksum: a358602e8788d60e4e054abdef3ce6cb
Metadata Data string: AHM|9015|2026-01-29 12:34:22|Terminal_Symbols_Centered_Fixed_Size_2026-01-29_12-34-21.pdf
Initial file size: 9015 bytes
Final file size: 9015 bytes
Timestamp (IST): 2026-01-29 12:34:22
Station code: AHM
File name: Terminal_Symbols_Centered_Fixed_Size_2026-01-29_12-34-21.pdf
Full file MD5: 4fa362e8c17872a6aec58dc7b6c62118

--------------------------------------------------
Metadata Checksum: 388984712f77e76af5d5b9979bea74d0
Metadata Data string: AHM|27414|2026-01-30 10:20:33|PROJECT_58_ahm_JUNCTION_2_A2_F_20260130_102022_2026-01-30_10-20-32.pdf
Initial file size: 27239 bytes
Final file size: 27414 bytes
Timestamp (IST): 2026-01-30 10:20:33
Station code: AHM
File name: PROJECT_58_ahm_JUNCTION_2_A2_F_20260130_102022_2026-01-30_10-20-32.pdf
Full file MD5: 7c3545e404b8feca753ea8c637e7b521

--------------------------------------------------
Metadata Checksum: 81b7b81bad413e62b7ad13d0bebb3af7
Metadata Data string: AHM|29600|2026-02-02 14:53:30|PROJECT_58_ahm_JUNCTION_4_AC_17_F_20260202_145322_2026-02-02_14-53-29.pdf
Initial file size: 29428 bytes
Final file size: 29600 bytes
Timestamp (IST): 2026-02-02 14:53:30
Station code: AHM
File name: PROJECT_58_ahm_JUNCTION_4_AC_17_F_20260202_145322_2026-02-02_14-53-29.pdf
Full file MD5: c6255767bdc85539e40e9d8dabd7bf25

--------------------------------------------------
Metadata Checksum: 13b3033c46cc79d5b5c44a3da1ed6aae
Metadata Data string: AHM|29600|2026-02-02 14:54:00|PROJECT_58_ahm_JUNCTION_4_AC_17_F_20260202_145322_2026-02-02_14-53-59.pdf
Initial file size: 29428 bytes
Final file size: 29600 bytes
Timestamp (IST): 2026-02-02 14:54:00
Station code: AHM
File name: PROJECT_58_ahm_JUNCTION_4_AC_17_F_20260202_145322_2026-02-02_14-53-59.pdf
Full file MD5: 7a30919c42f8ecb727b8f7c7e4f6f325

--------------------------------------------------
Metadata Checksum: a40c69143d28ac4460880e0969cf0399
Metadata Data string: AHM|29600|2026-02-02 14:54:46|PROJECT_58_ahm_JUNCTION_4_AC_17_F_20260202_145322_2026-02-02_14-54-45.pdf
Initial file size: 29428 bytes
Final file size: 29600 bytes
Timestamp (IST): 2026-02-02 14:54:46
Station code: AHM
File name: PROJECT_58_ahm_JUNCTION_4_AC_17_F_20260202_145322_2026-02-02_14-54-45.pdf
Full file MD5: d8e2026136622dc9956c5f7723d151ff

--------------------------------------------------
Metadata Checksum: 006ea337500095fbf56fba8322e6787c
Metadata Data string: TEST|10108|2026-03-11 14:56:55|Terminal_Symbols_Centered_Fixed_Size_2026-03-11_14-56-55.pdf
Initial file size: 10108 bytes
Final file size: 10108 bytes
Timestamp (IST): 2026-03-11 14:56:55
Station code: TEST
File name: Terminal_Symbols_Centered_Fixed_Size_2026-03-11_14-56-55.pdf
Full file MD5: 07f0a48e5ff1c8f6bd84bc0dc9e981c4

--------------------------------------------------
Metadata Checksum: 1b4197bef0d27069c62c4199e307cbe1
Metadata Data string: TEST|10108|2026-03-11 17:57:14|Terminal_Symbols_Centered_Fixed_Size_2026-03-11_17-57-13.pdf
Initial file size: 10108 bytes
Final file size: 10108 bytes
Timestamp (IST): 2026-03-11 17:57:14
Station code: TEST
File name: Terminal_Symbols_Centered_Fixed_Size_2026-03-11_17-57-13.pdf
Full file MD5: 07f0a48e5ff1c8f6bd84bc0dc9e981c4

--------------------------------------------------
Metadata Checksum: fa7b375f4b734d9ebc436476890a8aaa
Metadata Data string: TEST|10108|2026-03-11 17:57:39|Terminal_Symbols_Centered_Fixed_Size_2026-03-11_17-57-38.pdf
Initial file size: 10108 bytes
Final file size: 10108 bytes
Timestamp (IST): 2026-03-11 17:57:39
Station code: TEST
File name: Terminal_Symbols_Centered_Fixed_Size_2026-03-11_17-57-38.pdf
Full file MD5: 07f0a48e5ff1c8f6bd84bc0dc9e981c4

--------------------------------------------------
Metadata Checksum: a41d4965e6d58e18a11c127cf89949a1
Metadata Data string: TEST|10108|2026-03-11 17:57:58|Terminal_Symbols_Centered_Fixed_Size_2026-03-11_17-57-57.pdf
Initial file size: 10108 bytes
Final file size: 10108 bytes
Timestamp (IST): 2026-03-11 17:57:58
Station code: TEST
File name: Terminal_Symbols_Centered_Fixed_Size_2026-03-11_17-57-57.pdf
Full file MD5: 07f0a48e5ff1c8f6bd84bc0dc9e981c4

--------------------------------------------------
Metadata Checksum: 2c3fc6f936fa922eebf26f25808f0129
Metadata Data string: TEST|10097|2026-03-11 18:04:15|Terminal_Symbols_Centered_Fixed_Size_2026-03-11_18-04-15.pdf
Initial file size: 10097 bytes
Final file size: 10097 bytes
Timestamp (IST): 2026-03-11 18:04:15
Station code: TEST
File name: Terminal_Symbols_Centered_Fixed_Size_2026-03-11_18-04-15.pdf
Full file MD5: 9cec3fc70bed1f1da2c754af43f2b34f

--------------------------------------------------
Metadata Checksum: ba5bb9d8d28a7b04f4dad2e4da0f6a78
Metadata Data string: TEST|10097|2026-03-11 18:07:38|Terminal_Symbols_Centered_Fixed_Size_2026-03-11_18-07-37.pdf
Initial file size: 10097 bytes
Final file size: 10097 bytes
Timestamp (IST): 2026-03-11 18:07:38
Station code: TEST
File name: Terminal_Symbols_Centered_Fixed_Size_2026-03-11_18-07-37.pdf
Full file MD5: 9cec3fc70bed1f1da2c754af43f2b34f

--------------------------------------------------
Metadata Checksum: 8ce2f9f477907080019812e3e2a88339
Metadata Data string: TEST|10097|2026-03-11 18:08:16|Terminal_Symbols_Centered_Fixed_Size_2026-03-11_18-08-16.pdf
Initial file size: 10097 bytes
Final file size: 10097 bytes
Timestamp (IST): 2026-03-11 18:08:16
Station code: TEST
File name: Terminal_Symbols_Centered_Fixed_Size_2026-03-11_18-08-16.pdf
Full file MD5: 9cec3fc70bed1f1da2c754af43f2b34f

--------------------------------------------------
Metadata Checksum: 3e3ae204c40151c4b52ee59c4e44772b
Metadata Data string: TEST|10097|2026-03-11 18:15:19|Terminal_Symbols_Centered_Fixed_Size_2026-03-11_18-15-19.pdf
Initial file size: 10097 bytes
Final file size: 10097 bytes
Timestamp (IST): 2026-03-11 18:15:19
Station code: TEST
File name: Terminal_Symbols_Centered_Fixed_Size_2026-03-11_18-15-19.pdf
Full file MD5: 9cec3fc70bed1f1da2c754af43f2b34f

--------------------------------------------------
Metadata Checksum: f35f572adbe32bcc93224f0cb64a4bc1
Metadata Data string: TEST|10097|2026-03-11 18:15:38|Terminal_Symbols_Centered_Fixed_Size_2026-03-11_18-15-38.pdf
Initial file size: 10097 bytes
Final file size: 10097 bytes
Timestamp (IST): 2026-03-11 18:15:38
Station code: TEST
File name: Terminal_Symbols_Centered_Fixed_Size_2026-03-11_18-15-38.pdf
Full file MD5: 9cec3fc70bed1f1da2c754af43f2b34f

--------------------------------------------------
Metadata Checksum: 96d6cf9ed0bfa8ab83f8a02c9526e983
Metadata Data string: TEST|10097|2026-03-11 18:16:07|Terminal_Symbols_Centered_Fixed_Size_2026-03-11_18-16-06.pdf
Initial file size: 10097 bytes
Final file size: 10097 bytes
Timestamp (IST): 2026-03-11 18:16:07
Station code: TEST
File name: Terminal_Symbols_Centered_Fixed_Size_2026-03-11_18-16-06.pdf
Full file MD5: 9cec3fc70bed1f1da2c754af43f2b34f

--------------------------------------------------
Metadata Checksum: 1a65490414afc5f35d5ad950e6debd66
Metadata Data string: TEST|10259|2026-03-11 18:17:42|Terminal_Symbols_Centered_Fixed_Size_2026-03-11_18-17-41.pdf
Initial file size: 10259 bytes
Final file size: 10259 bytes
Timestamp (IST): 2026-03-11 18:17:42
Station code: TEST
File name: Terminal_Symbols_Centered_Fixed_Size_2026-03-11_18-17-41.pdf
Full file MD5: 2066fb4fa60bad54072839ecc71f7570

--------------------------------------------------
Metadata Checksum: dc21efc5f868161e415c30fb5b9f3923
Metadata Data string: TEST|10259|2026-03-11 18:19:50|Terminal_Symbols_Centered_Fixed_Size_2026-03-11_18-19-50.pdf
Initial file size: 10259 bytes
Final file size: 10259 bytes
Timestamp (IST): 2026-03-11 18:19:50
Station code: TEST
File name: Terminal_Symbols_Centered_Fixed_Size_2026-03-11_18-19-50.pdf
Full file MD5: 2066fb4fa60bad54072839ecc71f7570

--------------------------------------------------
Metadata Checksum: 3c9b611754e1025d2f310a3737a24292
Metadata Data string: TEST|10259|2026-03-11 18:23:43|Terminal_Symbols_Centered_Fixed_Size_2026-03-11_18-23-43.pdf
Initial file size: 10259 bytes
Final file size: 10259 bytes
Timestamp (IST): 2026-03-11 18:23:43
Station code: TEST
File name: Terminal_Symbols_Centered_Fixed_Size_2026-03-11_18-23-43.pdf
Full file MD5: 2066fb4fa60bad54072839ecc71f7570

--------------------------------------------------
Metadata Checksum: 86e5b41305884cd32a6822a5e4201ecf
Metadata Data string: TEST|10259|2026-03-11 18:25:05|Terminal_Symbols_Centered_Fixed_Size_2026-03-11_18-25-04.pdf
Initial file size: 10259 bytes
Final file size: 10259 bytes
Timestamp (IST): 2026-03-11 18:25:05
Station code: TEST
File name: Terminal_Symbols_Centered_Fixed_Size_2026-03-11_18-25-04.pdf
Full file MD5: 2066fb4fa60bad54072839ecc71f7570

--------------------------------------------------
Metadata Checksum: eb5c91c3ecad9286fc8a6ccbc877103e
Metadata Data string: TEST|10259|2026-03-11 18:29:23|Terminal_Symbols_Centered_Fixed_Size_2026-03-11_18-29-23.pdf
Initial file size: 10259 bytes
Final file size: 10259 bytes
Timestamp (IST): 2026-03-11 18:29:23
Station code: TEST
File name: Terminal_Symbols_Centered_Fixed_Size_2026-03-11_18-29-23.pdf
Full file MD5: 2066fb4fa60bad54072839ecc71f7570

--------------------------------------------------
Metadata Checksum: 14f79445d5cd0bc8b7d59dbe3d5a136f
Metadata Data string: TEST|10259|2026-03-11 18:29:34|Terminal_Symbols_Centered_Fixed_Size_2026-03-11_18-29-33.pdf
Initial file size: 10259 bytes
Final file size: 10259 bytes
Timestamp (IST): 2026-03-11 18:29:34
Station code: TEST
File name: Terminal_Symbols_Centered_Fixed_Size_2026-03-11_18-29-33.pdf
Full file MD5: 2066fb4fa60bad54072839ecc71f7570

--------------------------------------------------
Metadata Checksum: a21f8841feab027289aa57a4b60d87c3
Metadata Data string: TEST|10250|2026-03-11 18:37:24|Terminal_Symbols_Centered_Fixed_Size_2026-03-11_18-37-23.pdf
Initial file size: 10250 bytes
Final file size: 10250 bytes
Timestamp (IST): 2026-03-11 18:37:24
Station code: TEST
File name: Terminal_Symbols_Centered_Fixed_Size_2026-03-11_18-37-23.pdf
Full file MD5: a174f65bf427eeb022f39e9719c10289

--------------------------------------------------
Metadata Checksum: 7d4b405667dac38f41cf75fa1f65dc08
Metadata Data string: TEST|10250|2026-03-11 18:38:24|Terminal_Symbols_Centered_Fixed_Size_2026-03-11_18-38-23.pdf
Initial file size: 10250 bytes
Final file size: 10250 bytes
Timestamp (IST): 2026-03-11 18:38:24
Station code: TEST
File name: Terminal_Symbols_Centered_Fixed_Size_2026-03-11_18-38-23.pdf
Full file MD5: a174f65bf427eeb022f39e9719c10289

--------------------------------------------------
Metadata Checksum: fee509e817e6a074e202349756b5ce8f
Metadata Data string: TEST|10250|2026-03-11 18:45:19|Terminal_Symbols_Centered_Fixed_Size_2026-03-11_18-45-19.pdf
Initial file size: 10250 bytes
Final file size: 10250 bytes
Timestamp (IST): 2026-03-11 18:45:19
Station code: TEST
File name: Terminal_Symbols_Centered_Fixed_Size_2026-03-11_18-45-19.pdf
Full file MD5: a174f65bf427eeb022f39e9719c10289

--------------------------------------------------
Metadata Checksum: e9a335e274b43c84dc9b4a74b0ff4b8f
Metadata Data string: TEST|10097|2026-03-11 18:52:43|Terminal_Symbols_Centered_Fixed_Size_2026-03-11_18-52-42.pdf
Initial file size: 10097 bytes
Final file size: 10097 bytes
Timestamp (IST): 2026-03-11 18:52:43
Station code: TEST
File name: Terminal_Symbols_Centered_Fixed_Size_2026-03-11_18-52-42.pdf
Full file MD5: 9cec3fc70bed1f1da2c754af43f2b34f

--------------------------------------------------
Metadata Checksum: 7db92c88777b684ee0bf8487f362fced
Metadata Data string: TEST|10097|2026-03-11 18:53:20|Terminal_Symbols_Centered_Fixed_Size_2026-03-11_18-53-20.pdf
Initial file size: 10097 bytes
Final file size: 10097 bytes
Timestamp (IST): 2026-03-11 18:53:20
Station code: TEST
File name: Terminal_Symbols_Centered_Fixed_Size_2026-03-11_18-53-20.pdf
Full file MD5: 9cec3fc70bed1f1da2c754af43f2b34f

--------------------------------------------------
Metadata Checksum: 124f8eb27097948d949d53451c888cd7
Metadata Data string: TEST|10250|2026-03-11 18:55:58|Terminal_Symbols_Centered_Fixed_Size_2026-03-11_18-55-58.pdf
Initial file size: 10250 bytes
Final file size: 10250 bytes
Timestamp (IST): 2026-03-11 18:55:58
Station code: TEST
File name: Terminal_Symbols_Centered_Fixed_Size_2026-03-11_18-55-58.pdf
Full file MD5: a174f65bf427eeb022f39e9719c10289

--------------------------------------------------
Metadata Checksum: 84cfac3adad5b6d4f148ee35ef03e315
Metadata Data string: TEST|10097|2026-03-11 19:00:12|Terminal_Symbols_Centered_Fixed_Size_2026-03-11_19-00-11.pdf
Initial file size: 10097 bytes
Final file size: 10097 bytes
Timestamp (IST): 2026-03-11 19:00:12
Station code: TEST
File name: Terminal_Symbols_Centered_Fixed_Size_2026-03-11_19-00-11.pdf
Full file MD5: 9cec3fc70bed1f1da2c754af43f2b34f

--------------------------------------------------
Metadata Checksum: 9cda06debd9d1f66911e50c903e29cbf
Metadata Data string: TEST|10250|2026-03-11 19:06:25|Terminal_Symbols_Centered_Fixed_Size_2026-03-11_19-06-24.pdf
Initial file size: 10250 bytes
Final file size: 10250 bytes
Timestamp (IST): 2026-03-11 19:06:25
Station code: TEST
File name: Terminal_Symbols_Centered_Fixed_Size_2026-03-11_19-06-24.pdf
Full file MD5: a174f65bf427eeb022f39e9719c10289

--------------------------------------------------
Metadata Checksum: 82f31179715876311cd2a17f35448aa0
Metadata Data string: TEST|10250|2026-03-11 19:07:32|Terminal_Symbols_Centered_Fixed_Size_2026-03-11_19-07-31.pdf
Initial file size: 10250 bytes
Final file size: 10250 bytes
Timestamp (IST): 2026-03-11 19:07:32
Station code: TEST
File name: Terminal_Symbols_Centered_Fixed_Size_2026-03-11_19-07-31.pdf
Full file MD5: a174f65bf427eeb022f39e9719c10289

--------------------------------------------------
Metadata Checksum: e24549d95552156a23544e056d709fa0
Metadata Data string: TEST|10250|2026-03-11 19:21:48|Terminal_Symbols_Centered_Fixed_Size_2026-03-11_19-21-48.pdf
Initial file size: 10250 bytes
Final file size: 10250 bytes
Timestamp (IST): 2026-03-11 19:21:48
Station code: TEST
File name: Terminal_Symbols_Centered_Fixed_Size_2026-03-11_19-21-48.pdf
Full file MD5: a174f65bf427eeb022f39e9719c10289

--------------------------------------------------
Metadata Checksum: 6182c05861710e163bc184d41152946d
Metadata Data string: TEST|10250|2026-03-11 19:22:12|Terminal_Symbols_Centered_Fixed_Size_2026-03-11_19-22-12.pdf
Initial file size: 10250 bytes
Final file size: 10250 bytes
Timestamp (IST): 2026-03-11 19:22:12
Station code: TEST
File name: Terminal_Symbols_Centered_Fixed_Size_2026-03-11_19-22-12.pdf
Full file MD5: a174f65bf427eeb022f39e9719c10289

--------------------------------------------------
Metadata Checksum: 0fe05e955708bcbddd86dbba2bd76536
Metadata Data string: TEST|10250|2026-03-11 19:26:26|Terminal_Symbols_Centered_Fixed_Size_2026-03-11_19-26-26.pdf
Initial file size: 10250 bytes
Final file size: 10250 bytes
Timestamp (IST): 2026-03-11 19:26:26
Station code: TEST
File name: Terminal_Symbols_Centered_Fixed_Size_2026-03-11_19-26-26.pdf
Full file MD5: a174f65bf427eeb022f39e9719c10289

--------------------------------------------------
Metadata Checksum: 66443f91859b3dc59255d1be786ad8cf
Metadata Data string: TEST|10250|2026-03-12 09:56:41|Terminal_Symbols_Centered_Fixed_Size_2026-03-12_09-56-40.pdf
Initial file size: 10250 bytes
Final file size: 10250 bytes
Timestamp (IST): 2026-03-12 09:56:41
Station code: TEST
File name: Terminal_Symbols_Centered_Fixed_Size_2026-03-12_09-56-40.pdf
Full file MD5: a174f65bf427eeb022f39e9719c10289

--------------------------------------------------
Metadata Checksum: 50e12a43dc5ef47129600052ffc5b5fe
Metadata Data string: TEST|10250|2026-03-12 09:57:56|Terminal_Symbols_Centered_Fixed_Size_2026-03-12_09-57-55.pdf
Initial file size: 10250 bytes
Final file size: 10250 bytes
Timestamp (IST): 2026-03-12 09:57:56
Station code: TEST
File name: Terminal_Symbols_Centered_Fixed_Size_2026-03-12_09-57-55.pdf
Full file MD5: a174f65bf427eeb022f39e9719c10289

--------------------------------------------------
Metadata Checksum: 001abcb16cce3aafd861e4a0c31b9703
Metadata Data string: TEST|10250|2026-03-12 10:52:20|Terminal_Symbols_Centered_Fixed_Size_2026-03-12_10-52-19.pdf
Initial file size: 10250 bytes
Final file size: 10250 bytes
Timestamp (IST): 2026-03-12 10:52:20
Station code: TEST
File name: Terminal_Symbols_Centered_Fixed_Size_2026-03-12_10-52-19.pdf
Full file MD5: a174f65bf427eeb022f39e9719c10289

--------------------------------------------------
Metadata Checksum: 988c8a53c3c33142d99dbf3055d4c408
Metadata Data string: TEST|10259|2026-03-12 11:51:27|Terminal_Symbols_Centered_Fixed_Size_2026-03-12_11-51-26.pdf
Initial file size: 10259 bytes
Final file size: 10259 bytes
Timestamp (IST): 2026-03-12 11:51:27
Station code: TEST
File name: Terminal_Symbols_Centered_Fixed_Size_2026-03-12_11-51-26.pdf
Full file MD5: 2066fb4fa60bad54072839ecc71f7570

--------------------------------------------------
Metadata Checksum: ad6c2afcbd56521654da77d87db12ffe
Metadata Data string: TEST|10259|2026-03-12 11:54:56|Terminal_Symbols_Centered_Fixed_Size_2026-03-12_11-54-56.pdf
Initial file size: 10259 bytes
Final file size: 10259 bytes
Timestamp (IST): 2026-03-12 11:54:56
Station code: TEST
File name: Terminal_Symbols_Centered_Fixed_Size_2026-03-12_11-54-56.pdf
Full file MD5: 2066fb4fa60bad54072839ecc71f7570

--------------------------------------------------
Metadata Checksum: cc60f72014163b8d50de289b468b761b
Metadata Data string: TEST|10259|2026-03-12 12:18:05|Terminal_Symbols_Centered_Fixed_Size_2026-03-12_12-18-05.pdf
Initial file size: 10259 bytes
Final file size: 10259 bytes
Timestamp (IST): 2026-03-12 12:18:05
Station code: TEST
File name: Terminal_Symbols_Centered_Fixed_Size_2026-03-12_12-18-05.pdf
Full file MD5: 2066fb4fa60bad54072839ecc71f7570

--------------------------------------------------
Metadata Checksum: 3ad0486c89a5822e6aa7973c820db3d4
Metadata Data string: TEST|10121|2026-03-12 13:21:47|Terminal_Symbols_Centered_Fixed_Size_2026-03-12_13-21-47.pdf
Initial file size: 10121 bytes
Final file size: 10121 bytes
Timestamp (IST): 2026-03-12 13:21:47
Station code: TEST
File name: Terminal_Symbols_Centered_Fixed_Size_2026-03-12_13-21-47.pdf
Full file MD5: d1648901d7f69cfe98266e3459c79460

--------------------------------------------------
Metadata Checksum: bcf6852eb12b6862b03460fa5b8b00a5
Metadata Data string: TEST|10121|2026-03-12 13:46:42|Terminal_Symbols_Centered_Fixed_Size_2026-03-12_13-46-41.pdf
Initial file size: 10121 bytes
Final file size: 10121 bytes
Timestamp (IST): 2026-03-12 13:46:42
Station code: TEST
File name: Terminal_Symbols_Centered_Fixed_Size_2026-03-12_13-46-41.pdf
Full file MD5: d1648901d7f69cfe98266e3459c79460

--------------------------------------------------
Metadata Checksum: 0af9a2478c88a19ce3591906a62d9012
Metadata Data string: TEST|10121|2026-03-12 13:49:16|Terminal_Symbols_Centered_Fixed_Size_2026-03-12_13-49-16.pdf
Initial file size: 10121 bytes
Final file size: 10121 bytes
Timestamp (IST): 2026-03-12 13:49:16
Station code: TEST
File name: Terminal_Symbols_Centered_Fixed_Size_2026-03-12_13-49-16.pdf
Full file MD5: d1648901d7f69cfe98266e3459c79460

--------------------------------------------------
Metadata Checksum: 485392adb238abdeb610f3a379eaf11c
Metadata Data string: TEST|10121|2026-03-12 13:58:37|Terminal_Symbols_Centered_Fixed_Size_2026-03-12_13-58-36.pdf
Initial file size: 10121 bytes
Final file size: 10121 bytes
Timestamp (IST): 2026-03-12 13:58:37
Station code: TEST
File name: Terminal_Symbols_Centered_Fixed_Size_2026-03-12_13-58-36.pdf
Full file MD5: d1648901d7f69cfe98266e3459c79460

--------------------------------------------------
Metadata Checksum: 3704cfbb58f11f99dfa873278812f1c1
Metadata Data string: TEST|10121|2026-03-12 14:07:16|Terminal_Symbols_Centered_Fixed_Size_2026-03-12_14-07-15.pdf
Initial file size: 10121 bytes
Final file size: 10121 bytes
Timestamp (IST): 2026-03-12 14:07:16
Station code: TEST
File name: Terminal_Symbols_Centered_Fixed_Size_2026-03-12_14-07-15.pdf
Full file MD5: d1648901d7f69cfe98266e3459c79460

--------------------------------------------------
Metadata Checksum: 95877f2cb2a30612f83126a2102b4fc0
Metadata Data string: TEST|10121|2026-03-12 15:56:28|Terminal_Symbols_Centered_Fixed_Size_2026-03-12_15-56-27.pdf
Initial file size: 10121 bytes
Final file size: 10121 bytes
Timestamp (IST): 2026-03-12 15:56:28
Station code: TEST
File name: Terminal_Symbols_Centered_Fixed_Size_2026-03-12_15-56-27.pdf
Full file MD5: d1648901d7f69cfe98266e3459c79460

--------------------------------------------------
Metadata Checksum: 6533264e50783bdd465568a614418488
Metadata Data string: TEST|10121|2026-03-12 16:01:16|Terminal_Symbols_Centered_Fixed_Size_2026-03-12_16-01-15.pdf
Initial file size: 10121 bytes
Final file size: 10121 bytes
Timestamp (IST): 2026-03-12 16:01:16
Station code: TEST
File name: Terminal_Symbols_Centered_Fixed_Size_2026-03-12_16-01-15.pdf
Full file MD5: d1648901d7f69cfe98266e3459c79460

--------------------------------------------------
Metadata Checksum: 8475ffcae06460d39c69a5f79cd4bf4c
Metadata Data string: TEST|10121|2026-03-12 16:05:05|Terminal_Symbols_Centered_Fixed_Size_2026-03-12_16-05-04.pdf
Initial file size: 10121 bytes
Final file size: 10121 bytes
Timestamp (IST): 2026-03-12 16:05:05
Station code: TEST
File name: Terminal_Symbols_Centered_Fixed_Size_2026-03-12_16-05-04.pdf
Full file MD5: d1648901d7f69cfe98266e3459c79460

--------------------------------------------------
Metadata Checksum: b7ba8719613ac15c3d9e8923a24868c3
Metadata Data string: TEST|10121|2026-03-12 16:28:46|Terminal_Symbols_Centered_Fixed_Size_2026-03-12_16-28-45.pdf
Initial file size: 10121 bytes
Final file size: 10121 bytes
Timestamp (IST): 2026-03-12 16:28:46
Station code: TEST
File name: Terminal_Symbols_Centered_Fixed_Size_2026-03-12_16-28-45.pdf
Full file MD5: d1648901d7f69cfe98266e3459c79460

--------------------------------------------------
Metadata Checksum: 2a412c33ab4872e2f878e3bf2edfebbd
Metadata Data string: TEST|10121|2026-03-12 16:35:15|RAILWAYPROJECT_ID72_Upendra_20260312_151833.pdf
Initial file size: 10121 bytes
Final file size: 10121 bytes
Timestamp (IST): 2026-03-12 16:35:15
Station code: TEST
File name: RAILWAYPROJECT_ID72_Upendra_20260312_151833.pdf
Full file MD5: d1648901d7f69cfe98266e3459c79460

--------------------------------------------------
Metadata Checksum: eaf04f8ee7bacab9701adc4332f4d2f2
Metadata Data string: TEST|10121|2026-03-12 16:46:14|RAILWAYPROJECT_ID72_Upendra_20260312_164611.pdf
Initial file size: 10121 bytes
Final file size: 10121 bytes
Timestamp (IST): 2026-03-12 16:46:14
Station code: TEST
File name: RAILWAYPROJECT_ID72_Upendra_20260312_164611.pdf
Full file MD5: d1648901d7f69cfe98266e3459c79460

--------------------------------------------------
Metadata Checksum: 7ac552778161f9c44411ad5d64d4dfa1
Metadata Data string: TEST|10121|2026-03-12 17:14:25|RAILWAYPROJECT_ID72_Upendra_20260312_151833.pdf_2026-03-12_17-14-24_d26fb3ba.pdf
Initial file size: 10121 bytes
Final file size: 10121 bytes
Timestamp (IST): 2026-03-12 17:14:25
Station code: TEST
File name: RAILWAYPROJECT_ID72_Upendra_20260312_151833.pdf_2026-03-12_17-14-24_d26fb3ba.pdf
Full file MD5: d1648901d7f69cfe98266e3459c79460

--------------------------------------------------
Metadata Checksum: 3805a7b50ef4d9837493b2b696c332f4
Metadata Data string: TEST|10121|2026-03-12 17:18:52|RAILWAYPROJECT_ID72_Upendra_20260312_151833.pdf_2026-03-12_17-18-52_b549b2a9.pdf
Initial file size: 10121 bytes
Final file size: 10121 bytes
Timestamp (IST): 2026-03-12 17:18:52
Station code: TEST
File name: RAILWAYPROJECT_ID72_Upendra_20260312_151833.pdf_2026-03-12_17-18-52_b549b2a9.pdf
Full file MD5: d1648901d7f69cfe98266e3459c79460

--------------------------------------------------
Metadata Checksum: 20b3b49233bfda91ccfee67ec0f585fe
Metadata Data string: TEST|10121|2026-03-12 17:29:20|RAILWAYPROJECT_ID72_Upendra_20260312_151833.pdf_2026-03-12_17-29-20_d7a8a185.pdf
Initial file size: 10121 bytes
Final file size: 10121 bytes
Timestamp (IST): 2026-03-12 17:29:20
Station code: TEST
File name: RAILWAYPROJECT_ID72_Upendra_20260312_151833.pdf_2026-03-12_17-29-20_d7a8a185.pdf
Full file MD5: d1648901d7f69cfe98266e3459c79460

--------------------------------------------------
Metadata Checksum: 43c52c2fe485df104242d998c011531f
Metadata Data string: TEST|10121|2026-03-12 17:35:46|RAILWAYPROJECT_ID72_Upendra_20260312_151833.pdf_2026-03-12_17-35-46_78b5cd3d.pdf
Initial file size: 10121 bytes
Final file size: 10121 bytes
Timestamp (IST): 2026-03-12 17:35:46
Station code: TEST
File name: RAILWAYPROJECT_ID72_Upendra_20260312_151833.pdf_2026-03-12_17-35-46_78b5cd3d.pdf
Full file MD5: d1648901d7f69cfe98266e3459c79460

--------------------------------------------------
Metadata Checksum: 260024499229db083a4e6eea4236ee97
Metadata Data string: TEST|10121|2026-03-12 17:42:21|RAILWAYPROJECT_ID72_Upendra_20260312_151834.pdf
Initial file size: 10121 bytes
Final file size: 10121 bytes
Timestamp (IST): 2026-03-12 17:42:21
Station code: TEST
File name: RAILWAYPROJECT_ID72_Upendra_20260312_151834.pdf
Full file MD5: d1648901d7f69cfe98266e3459c79460

--------------------------------------------------
Metadata Checksum: 4ce73a0d826b7b2b0195d39d8946780f
Metadata Data string: TEST|10121|2026-03-12 17:46:42|RAILWAYPROJECT_ID72_Upendra_20260312_151833.pdf_2026-03-12_17-46-41_55db0f44.pdf
Initial file size: 10121 bytes
Final file size: 10121 bytes
Timestamp (IST): 2026-03-12 17:46:42
Station code: TEST
File name: RAILWAYPROJECT_ID72_Upendra_20260312_151833.pdf_2026-03-12_17-46-41_55db0f44.pdf
Full file MD5: d1648901d7f69cfe98266e3459c79460

--------------------------------------------------
Metadata Checksum: b65a6f82e3b70b49bdee717f888feb6a
Metadata Data string: TEST|10121|2026-03-12 17:49:45|RAILWAYPROJECT_ID72_Upendra_20260312_151833.pdf_2026-03-12_17-49-44_b06cb0d3.pdf
Initial file size: 10121 bytes
Final file size: 10121 bytes
Timestamp (IST): 2026-03-12 17:49:45
Station code: TEST
File name: RAILWAYPROJECT_ID72_Upendra_20260312_151833.pdf_2026-03-12_17-49-44_b06cb0d3.pdf
Full file MD5: d1648901d7f69cfe98266e3459c79460

--------------------------------------------------
Metadata Checksum: 954e3d57326c19c95125c000f10a9e76
Metadata Data string: TEST|10121|2026-03-12 17:51:11|RAILWAYPROJECT_ID72_Upendra_20260312_151833.pdf_2026-03-12_17-51-10_418b295b.pdf
Initial file size: 10121 bytes
Final file size: 10121 bytes
Timestamp (IST): 2026-03-12 17:51:11
Station code: TEST
File name: RAILWAYPROJECT_ID72_Upendra_20260312_151833.pdf_2026-03-12_17-51-10_418b295b.pdf
Full file MD5: d1648901d7f69cfe98266e3459c79460

--------------------------------------------------
Metadata Checksum: d57c65cb5a5a983e858335da7eca3c90
Metadata Data string: TEST|10121|2026-03-12 17:54:07|RAILWAYPROJECT_ID72_Upendra_20260312_151833.pdf_2026-03-12_17-54-06_8265882a.pdf
Initial file size: 10121 bytes
Final file size: 10121 bytes
Timestamp (IST): 2026-03-12 17:54:07
Station code: TEST
File name: RAILWAYPROJECT_ID72_Upendra_20260312_151833.pdf_2026-03-12_17-54-06_8265882a.pdf
Full file MD5: d1648901d7f69cfe98266e3459c79460

--------------------------------------------------
Metadata Checksum: d883d7ddd650aa51396ed9f584235d35
Metadata Data string: TEST|10121|2026-03-12 17:58:36|RAILWAYPROJECT_ID72_Upendra_20260312_151835.pdf
Initial file size: 10121 bytes
Final file size: 10121 bytes
Timestamp (IST): 2026-03-12 17:58:36
Station code: TEST
File name: RAILWAYPROJECT_ID72_Upendra_20260312_151835.pdf
Full file MD5: d1648901d7f69cfe98266e3459c79460

--------------------------------------------------
Metadata Checksum: cc8395fe8686cf5719d12c387be94e75
Metadata Data string: TEST|10121|2026-03-12 18:06:43|RAILWAYPROJECT_ID72_Upendra_20260312_151835.pdf_2026-03-12_18-06-42_58bac4e5.pdf
Initial file size: 10121 bytes
Final file size: 10121 bytes
Timestamp (IST): 2026-03-12 18:06:43
Station code: TEST
File name: RAILWAYPROJECT_ID72_Upendra_20260312_151835.pdf_2026-03-12_18-06-42_58bac4e5.pdf
Full file MD5: d1648901d7f69cfe98266e3459c79460

--------------------------------------------------
Metadata Checksum: 29fafaa654d3f8ce3dd31d961791edd5
Metadata Data string: TEST|10121|2026-03-12 18:08:26|RAILWAYPROJECT_ID72_Upendra_20260312_151835.pdf_2026-03-12_18-08-26_5f3399b4.pdf
Initial file size: 10121 bytes
Final file size: 10121 bytes
Timestamp (IST): 2026-03-12 18:08:26
Station code: TEST
File name: RAILWAYPROJECT_ID72_Upendra_20260312_151835.pdf_2026-03-12_18-08-26_5f3399b4.pdf
Full file MD5: d1648901d7f69cfe98266e3459c79460

--------------------------------------------------
Metadata Checksum: 17d5ade029cc26c9249d29fbf41fb59a
Metadata Data string: TEST|10121|2026-03-12 18:09:57|RAILWAYPROJECT_ID72_Upendra_20260312_151833.pdf_2026-03-12_18-09-57_c216ac75.pdf
Initial file size: 10121 bytes
Final file size: 10121 bytes
Timestamp (IST): 2026-03-12 18:09:57
Station code: TEST
File name: RAILWAYPROJECT_ID72_Upendra_20260312_151833.pdf_2026-03-12_18-09-57_c216ac75.pdf
Full file MD5: d1648901d7f69cfe98266e3459c79460

--------------------------------------------------
Metadata Checksum: 85fe813e746aaccd3d382eb126e89f44
Metadata Data string: TEST|10121|2026-03-12 18:15:58|RAILWAYPROJECT_ID72_Upendra_20260312_151835.pdf_2026-03-12_18-15-58_c7ff52e9.pdf
Initial file size: 10121 bytes
Final file size: 10121 bytes
Timestamp (IST): 2026-03-12 18:15:58
Station code: TEST
File name: RAILWAYPROJECT_ID72_Upendra_20260312_151835.pdf_2026-03-12_18-15-58_c7ff52e9.pdf
Full file MD5: d1648901d7f69cfe98266e3459c79460

--------------------------------------------------
Metadata Checksum: 0b521796357a67f31bea81ac0dcc9f3d
Metadata Data string: TEST|10121|2026-03-12 18:20:00|RAILWAYPROJECT_ID72_Upendra_20260312_151835.pdf_2026-03-12_18-20-00_09be0ab9.pdf
Initial file size: 10121 bytes
Final file size: 10121 bytes
Timestamp (IST): 2026-03-12 18:20:00
Station code: TEST
File name: RAILWAYPROJECT_ID72_Upendra_20260312_151835.pdf_2026-03-12_18-20-00_09be0ab9.pdf
Full file MD5: d1648901d7f69cfe98266e3459c79460

--------------------------------------------------
Metadata Checksum: ac59361591413881587e934e690aea59
Metadata Data string: TEST|10075|2026-03-12 18:27:42|RAILWAYPROJECT_ID72_Upendra_20260312_182740.pdf
Initial file size: 10075 bytes
Final file size: 10075 bytes
Timestamp (IST): 2026-03-12 18:27:42
Station code: TEST
File name: RAILWAYPROJECT_ID72_Upendra_20260312_182740.pdf
Full file MD5: 5b6325d3c5f91d00a936f27c888ac786

--------------------------------------------------
Metadata Checksum: 646d954873085d2ebbc19e1db41d60ae
Metadata Data string: TEST|10121|2026-03-12 18:28:15|RAILWAYPROJECT_ID72_Upendra_20260312_151835.pdf_2026-03-12_18-28-14_1ba2f0c4.pdf
Initial file size: 10121 bytes
Final file size: 10121 bytes
Timestamp (IST): 2026-03-12 18:28:15
Station code: TEST
File name: RAILWAYPROJECT_ID72_Upendra_20260312_151835.pdf_2026-03-12_18-28-14_1ba2f0c4.pdf
Full file MD5: d1648901d7f69cfe98266e3459c79460

--------------------------------------------------
Metadata Checksum: e68e0c78360cd7943901158f4c6b3603
Metadata Data string: TEST|10097|2026-03-12 18:32:14|RAILWAYPROJECT_ID64_test10_20260312_183211.pdf
Initial file size: 10097 bytes
Final file size: 10097 bytes
Timestamp (IST): 2026-03-12 18:32:14
Station code: TEST
File name: RAILWAYPROJECT_ID64_test10_20260312_183211.pdf
Full file MD5: 9cec3fc70bed1f1da2c754af43f2b34f

--------------------------------------------------
Metadata Checksum: 5ff10750263372d3c76882a7567dd80e
Metadata Data string: TEST|10097|2026-03-12 18:32:31|RAILWAYPROJECT_ID64_test10_20260312_183228.pdf
Initial file size: 10097 bytes
Final file size: 10097 bytes
Timestamp (IST): 2026-03-12 18:32:31
Station code: TEST
File name: RAILWAYPROJECT_ID64_test10_20260312_183228.pdf
Full file MD5: 9cec3fc70bed1f1da2c754af43f2b34f

--------------------------------------------------
Metadata Checksum: ec5c5a887185f69832813b9485a1a455
Metadata Data string: TEST|10097|2026-03-12 18:32:56|RAILWAYPROJECT_ID64_test10_20260312_183253.pdf
Initial file size: 10097 bytes
Final file size: 10097 bytes
Timestamp (IST): 2026-03-12 18:32:56
Station code: TEST
File name: RAILWAYPROJECT_ID64_test10_20260312_183253.pdf
Full file MD5: 9cec3fc70bed1f1da2c754af43f2b34f

--------------------------------------------------
Metadata Checksum: 75b4264513ddce15accd11b761acf133
Metadata Data string: TEST|10097|2026-03-12 18:33:24|RAILWAYPROJECT_ID64_test10_20260312_183321.pdf
Initial file size: 10097 bytes
Final file size: 10097 bytes
Timestamp (IST): 2026-03-12 18:33:24
Station code: TEST
File name: RAILWAYPROJECT_ID64_test10_20260312_183321.pdf
Full file MD5: 9cec3fc70bed1f1da2c754af43f2b34f

--------------------------------------------------
Metadata Checksum: 08fa7d1dbf73683e221569e54f670884
Metadata Data string: TEST|10097|2026-03-12 18:33:46|RAILWAYPROJECT_ID64_test10_20260312_183343.pdf
Initial file size: 10097 bytes
Final file size: 10097 bytes
Timestamp (IST): 2026-03-12 18:33:46
Station code: TEST
File name: RAILWAYPROJECT_ID64_test10_20260312_183343.pdf
Full file MD5: 9cec3fc70bed1f1da2c754af43f2b34f

--------------------------------------------------
Metadata Checksum: 411395a5bb683a1dd733af348dbaa06a
Metadata Data string: TEST|10043|2026-03-12 18:34:29|RAILWAYPROJECT_ID72_Upendra_20260312_183427.pdf
Initial file size: 10043 bytes
Final file size: 10043 bytes
Timestamp (IST): 2026-03-12 18:34:29
Station code: TEST
File name: RAILWAYPROJECT_ID72_Upendra_20260312_183427.pdf
Full file MD5: 44d21c8ec4705818a1082c59cb38aba5

--------------------------------------------------
Metadata Checksum: 8a62e42ec294fabd9258e5fe35cfab3a
Metadata Data string: TEST|10121|2026-03-12 18:35:57|RAILWAYPROJECT_ID72_Upendra_20260312_151835.pdf_2026-03-12_18-35-57_97eaa94b.pdf
Initial file size: 10121 bytes
Final file size: 10121 bytes
Timestamp (IST): 2026-03-12 18:35:57
Station code: TEST
File name: RAILWAYPROJECT_ID72_Upendra_20260312_151835.pdf_2026-03-12_18-35-57_97eaa94b.pdf
Full file MD5: d1648901d7f69cfe98266e3459c79460

--------------------------------------------------
Metadata Checksum: 1b11d935c735c69a25e90ba71b2a585c
Metadata Data string: TEST|10052|2026-03-12 18:38:31|RAILWAYPROJECT_ID72_Upendra_20260312_183828.pdf
Initial file size: 10052 bytes
Final file size: 10052 bytes
Timestamp (IST): 2026-03-12 18:38:31
Station code: TEST
File name: RAILWAYPROJECT_ID72_Upendra_20260312_183828.pdf
Full file MD5: 590426a20b7a3e48bd020af08ba5806b

--------------------------------------------------
Metadata Checksum: a111d5fb3277a4977fe2062d819a27ff
Metadata Data string: TEST|10052|2026-03-12 18:38:53|RAILWAYPROJECT_ID72_Upendra_20260312_183850.pdf
Initial file size: 10052 bytes
Final file size: 10052 bytes
Timestamp (IST): 2026-03-12 18:38:53
Station code: TEST
File name: RAILWAYPROJECT_ID72_Upendra_20260312_183850.pdf
Full file MD5: 590426a20b7a3e48bd020af08ba5806b

--------------------------------------------------
Metadata Checksum: 0d6251d5dc524e2dbba8c45eeb602d25
Metadata Data string: TEST|10052|2026-03-12 18:39:19|RAILWAYPROJECT_ID72_Upendra_20260312_183917.pdf
Initial file size: 10052 bytes
Final file size: 10052 bytes
Timestamp (IST): 2026-03-12 18:39:19
Station code: TEST
File name: RAILWAYPROJECT_ID72_Upendra_20260312_183917.pdf
Full file MD5: 590426a20b7a3e48bd020af08ba5806b

--------------------------------------------------
Metadata Checksum: de362d64546eed65142a29ef9831e5ce
Metadata Data string: TEST|10052|2026-03-12 18:39:48|RAILWAYPROJECT_ID72_Upendra_20260312_183945.pdf
Initial file size: 10052 bytes
Final file size: 10052 bytes
Timestamp (IST): 2026-03-12 18:39:48
Station code: TEST
File name: RAILWAYPROJECT_ID72_Upendra_20260312_183945.pdf
Full file MD5: 590426a20b7a3e48bd020af08ba5806b

--------------------------------------------------
Metadata Checksum: b3d889b2e56a46a51b13738898ef3bd0
Metadata Data string: KUNJ|3906|2026-03-12 18:40:41|RAILWAYPROJECT_ID67_kunj_20260312_184037.pdf
Initial file size: 3906 bytes
Final file size: 3906 bytes
Timestamp (IST): 2026-03-12 18:40:41
Station code: KUNJ
File name: RAILWAYPROJECT_ID67_kunj_20260312_184037.pdf
Full file MD5: 076f6b04e5130774d8e31c958ad8450e

--------------------------------------------------
Metadata Checksum: 87603ff7a3e198e54f60c0d9af22106b
Metadata Data string: TEST|10121|2026-03-12 18:41:07|RAILWAYPROJECT_ID72_Upendra_20260312_151835.pdf_2026-03-12_18-41-07_80376c97.pdf
Initial file size: 10121 bytes
Final file size: 10121 bytes
Timestamp (IST): 2026-03-12 18:41:07
Station code: TEST
File name: RAILWAYPROJECT_ID72_Upendra_20260312_151835.pdf_2026-03-12_18-41-07_80376c97.pdf
Full file MD5: d1648901d7f69cfe98266e3459c79460

--------------------------------------------------
Metadata Checksum: b935f2fba588539939c80b2bbaee3379
Metadata Data string: TEST|10121|2026-03-12 19:04:03|RAILWAYPROJECT_ID72_Upendra_20260312_151835.pdf_2026-03-12_19-04-02_d678c0dd.pdf
Initial file size: 10121 bytes
Final file size: 10121 bytes
Timestamp (IST): 2026-03-12 19:04:03
Station code: TEST
File name: RAILWAYPROJECT_ID72_Upendra_20260312_151835.pdf_2026-03-12_19-04-02_d678c0dd.pdf
Full file MD5: d1648901d7f69cfe98266e3459c79460

--------------------------------------------------
Metadata Checksum: b68891a6eec90e5498a7c387cc4cdd7d
Metadata Data string: TEST|10121|2026-03-12 19:16:56|RAILWAYPROJECT_ID72_Upendra_20260312_151833.pdf_2026-03-12_19-16-56_cdaa7f55.pdf
Initial file size: 10121 bytes
Final file size: 10121 bytes
Timestamp (IST): 2026-03-12 19:16:56
Station code: TEST
File name: RAILWAYPROJECT_ID72_Upendra_20260312_151833.pdf_2026-03-12_19-16-56_cdaa7f55.pdf
Full file MD5: d1648901d7f69cfe98266e3459c79460

--------------------------------------------------
Metadata Checksum: 2aca32c50ef3e44bb0b6428f43311668
Metadata Data string: KUNJ|3906|2026-03-12 19:20:14|RAILWAYPROJECT_ID72_Upendra_20260312_151833.pdf_2026-03-12_19-20-13_b2cc9a1c.pdf
Initial file size: 3906 bytes
Final file size: 3906 bytes
Timestamp (IST): 2026-03-12 19:20:14
Station code: KUNJ
File name: RAILWAYPROJECT_ID72_Upendra_20260312_151833.pdf_2026-03-12_19-20-13_b2cc9a1c.pdf
Full file MD5: 076f6b04e5130774d8e31c958ad8450e

--------------------------------------------------
Metadata Checksum: a001652b0f73031195a3f088fc80ef4e
Metadata Data string: KUNJ|3906|2026-03-12 19:24:54|RAILWAYPROJECT_ID72_Upendra_20260312_151833.pdf_2026-03-12_19-24-53_99ba9725.pdf
Initial file size: 3906 bytes
Final file size: 3906 bytes
Timestamp (IST): 2026-03-12 19:24:54
Station code: KUNJ
File name: RAILWAYPROJECT_ID72_Upendra_20260312_151833.pdf_2026-03-12_19-24-53_99ba9725.pdf
Full file MD5: 076f6b04e5130774d8e31c958ad8450e

--------------------------------------------------
Metadata Checksum: b804c743dcf200055ea0efcccbf18b84
Metadata Data string: KUNJ|3906|2026-03-12 19:25:12|RAILWAYPROJECT_ID72_Upendra_20260312_151833.pdf_2026-03-12_19-25-12_6724ace9.pdf
Initial file size: 3906 bytes
Final file size: 3906 bytes
Timestamp (IST): 2026-03-12 19:25:12
Station code: KUNJ
File name: RAILWAYPROJECT_ID72_Upendra_20260312_151833.pdf_2026-03-12_19-25-12_6724ace9.pdf
Full file MD5: 076f6b04e5130774d8e31c958ad8450e

--------------------------------------------------
Metadata Checksum: b4b6f012a86761791fbb6366e90ed05b
Metadata Data string: KUNJ|3906|2026-03-12 19:26:13|RAILWAYPROJECT_ID72_Upendra_20260312_151833.pdf_2026-03-12_19-26-12_ad902097.pdf
Initial file size: 3906 bytes
Final file size: 3906 bytes
Timestamp (IST): 2026-03-12 19:26:13
Station code: KUNJ
File name: RAILWAYPROJECT_ID72_Upendra_20260312_151833.pdf_2026-03-12_19-26-12_ad902097.pdf
Full file MD5: 076f6b04e5130774d8e31c958ad8450e

--------------------------------------------------
Metadata Checksum: f1b8b138062ed3a1aad87c9567d879dd
Metadata Data string: KUNJ|3906|2026-03-12 19:27:30|RAILWAYPROJECT_ID72_Upendra_20260312_151833.pdf_2026-03-12_19-27-29_fbf44824.pdf
Initial file size: 3906 bytes
Final file size: 3906 bytes
Timestamp (IST): 2026-03-12 19:27:30
Station code: KUNJ
File name: RAILWAYPROJECT_ID72_Upendra_20260312_151833.pdf_2026-03-12_19-27-29_fbf44824.pdf
Full file MD5: 076f6b04e5130774d8e31c958ad8450e

--------------------------------------------------
Metadata Checksum: ceca3ef71f2bb711ec6fb15ee48e4d83
Metadata Data string: KUNJ|3906|2026-03-12 19:28:45|RAILWAYPROJECT_ID72_Upendra_20260312_151833.pdf_2026-03-12_19-28-44_ccf13a77.pdf
Initial file size: 3906 bytes
Final file size: 3906 bytes
Timestamp (IST): 2026-03-12 19:28:45
Station code: KUNJ
File name: RAILWAYPROJECT_ID72_Upendra_20260312_151833.pdf_2026-03-12_19-28-44_ccf13a77.pdf
Full file MD5: 076f6b04e5130774d8e31c958ad8450e

--------------------------------------------------
Metadata Checksum: c67020d719d9700c77ec3a0049b52910
Metadata Data string: KUNJ|3906|2026-03-12 19:33:33|RAILWAYPROJECT_ID67_kunj_20260312_193330.pdf
Initial file size: 3906 bytes
Final file size: 3906 bytes
Timestamp (IST): 2026-03-12 19:33:33
Station code: KUNJ
File name: RAILWAYPROJECT_ID67_kunj_20260312_193330.pdf
Full file MD5: 076f6b04e5130774d8e31c958ad8450e

--------------------------------------------------
Metadata Checksum: d52d8b2b4abc5baef4afaee6f09e1ab0
Metadata Data string: TEST|10121|2026-03-12 19:33:56|RAILWAYPROJECT_ID72_Upendra_20260312_151835.pdf_2026-03-12_19-33-56_fc1c0c0d.pdf
Initial file size: 10121 bytes
Final file size: 10121 bytes
Timestamp (IST): 2026-03-12 19:33:56
Station code: TEST
File name: RAILWAYPROJECT_ID72_Upendra_20260312_151835.pdf_2026-03-12_19-33-56_fc1c0c0d.pdf
Full file MD5: d1648901d7f69cfe98266e3459c79460

--------------------------------------------------
Metadata Checksum: 809bb6c588c3e70e7eb676f3d4dcd555
Metadata Data string: KUNJ|3906|2026-03-12 19:36:41|RAILWAYPROJECT_ID67_kunj_20260312_193639.pdf
Initial file size: 3906 bytes
Final file size: 3906 bytes
Timestamp (IST): 2026-03-12 19:36:41
Station code: KUNJ
File name: RAILWAYPROJECT_ID67_kunj_20260312_193639.pdf
Full file MD5: 076f6b04e5130774d8e31c958ad8450e

--------------------------------------------------
Metadata Checksum: 48eaac269ce19b471b2eb8ba05801d5c
Metadata Data string: KUNJ|3906|2026-03-12 19:37:04|RAILWAYPROJECT_ID67_kunj_20260312_193702.pdf
Initial file size: 3906 bytes
Final file size: 3906 bytes
Timestamp (IST): 2026-03-12 19:37:04
Station code: KUNJ
File name: RAILWAYPROJECT_ID67_kunj_20260312_193702.pdf
Full file MD5: 076f6b04e5130774d8e31c958ad8450e

--------------------------------------------------
Metadata Checksum: 9266f43840ef7444d5ee63d24a23f2ac
Metadata Data string: KUNJ|3906|2026-03-12 19:37:23|RAILWAYPROJECT_ID67_kunj_20260312_193720.pdf
Initial file size: 3906 bytes
Final file size: 3906 bytes
Timestamp (IST): 2026-03-12 19:37:23
Station code: KUNJ
File name: RAILWAYPROJECT_ID67_kunj_20260312_193720.pdf
Full file MD5: 076f6b04e5130774d8e31c958ad8450e

--------------------------------------------------
Metadata Checksum: 67f8a62e80f8ba7ca9dc8176c24f0063
Metadata Data string: KUNJ|3906|2026-03-12 19:39:02|RAILWAYPROJECT_ID67_kunj_20260312_193859.pdf
Initial file size: 3906 bytes
Final file size: 3906 bytes
Timestamp (IST): 2026-03-12 19:39:02
Station code: KUNJ
File name: RAILWAYPROJECT_ID67_kunj_20260312_193859.pdf
Full file MD5: 076f6b04e5130774d8e31c958ad8450e

--------------------------------------------------
Metadata Checksum: 921a885e1005b86b4ceffd6fae4a5747
Metadata Data string: TEST|10121|2026-03-12 19:39:26|RAILWAYPROJECT_ID72_Upendra_20260312_151835.pdf_2026-03-12_19-39-25_7fa368dc.pdf
Initial file size: 10121 bytes
Final file size: 10121 bytes
Timestamp (IST): 2026-03-12 19:39:26
Station code: TEST
File name: RAILWAYPROJECT_ID72_Upendra_20260312_151835.pdf_2026-03-12_19-39-25_7fa368dc.pdf
Full file MD5: d1648901d7f69cfe98266e3459c79460

--------------------------------------------------
Metadata Checksum: e45481320a13316229fdb24c83e84a90
Metadata Data string: TEST|10121|2026-03-12 19:40:07|RAILWAYPROJECT_ID72_Upendra_20260312_151835.pdf_2026-03-12_19-40-06_711a05dd.pdf
Initial file size: 10121 bytes
Final file size: 10121 bytes
Timestamp (IST): 2026-03-12 19:40:07
Station code: TEST
File name: RAILWAYPROJECT_ID72_Upendra_20260312_151835.pdf_2026-03-12_19-40-06_711a05dd.pdf
Full file MD5: d1648901d7f69cfe98266e3459c79460

--------------------------------------------------
Metadata Checksum: a21c32fcb1e40d04d3626fac0ef0b026
Metadata Data string: KUNJ|3906|2026-03-12 19:40:35|RAILWAYPROJECT_ID67_kunj_20260312_194033.pdf
Initial file size: 3906 bytes
Final file size: 3906 bytes
Timestamp (IST): 2026-03-12 19:40:35
Station code: KUNJ
File name: RAILWAYPROJECT_ID67_kunj_20260312_194033.pdf
Full file MD5: 076f6b04e5130774d8e31c958ad8450e

--------------------------------------------------
Metadata Checksum: e896f6077e959bee535b5b2dec3d7559
Metadata Data string: TEST|10121|2026-03-12 19:40:49|RAILWAYPROJECT_ID72_Upendra_20260312_151835.pdf_2026-03-12_19-40-49_d2c7b57f.pdf
Initial file size: 10121 bytes
Final file size: 10121 bytes
Timestamp (IST): 2026-03-12 19:40:49
Station code: TEST
File name: RAILWAYPROJECT_ID72_Upendra_20260312_151835.pdf_2026-03-12_19-40-49_d2c7b57f.pdf
Full file MD5: d1648901d7f69cfe98266e3459c79460

--------------------------------------------------
Metadata Checksum: 1aeb1b4150eccbdc8fcf8f022df6b359
Metadata Data string: KUNJ|3906|2026-03-12 19:42:07|RAILWAYPROJECT_ID67_kunj_20260312_194204.pdf
Initial file size: 3906 bytes
Final file size: 3906 bytes
Timestamp (IST): 2026-03-12 19:42:07
Station code: KUNJ
File name: RAILWAYPROJECT_ID67_kunj_20260312_194204.pdf
Full file MD5: 076f6b04e5130774d8e31c958ad8450e

--------------------------------------------------
Metadata Checksum: 1ec781fe86f42c1ef75513e96a30a862
Metadata Data string: KUNJ|3906|2026-03-12 19:42:22|RAILWAYPROJECT_ID67_kunj_20260312_194219.pdf
Initial file size: 3906 bytes
Final file size: 3906 bytes
Timestamp (IST): 2026-03-12 19:42:22
Station code: KUNJ
File name: RAILWAYPROJECT_ID67_kunj_20260312_194219.pdf
Full file MD5: 076f6b04e5130774d8e31c958ad8450e

--------------------------------------------------
Metadata Checksum: 45c50ef66bf6f40ea65749b0bd04e540
Metadata Data string: KUNJ|3906|2026-03-12 19:42:46|RAILWAYPROJECT_ID67_kunj_20260312_194243.pdf
Initial file size: 3906 bytes
Final file size: 3906 bytes
Timestamp (IST): 2026-03-12 19:42:46
Station code: KUNJ
File name: RAILWAYPROJECT_ID67_kunj_20260312_194243.pdf
Full file MD5: 076f6b04e5130774d8e31c958ad8450e

--------------------------------------------------
Metadata Checksum: 4da20ce4d3c994451dade6bf329bb9b4
Metadata Data string: KUNJ|3906|2026-03-12 19:43:07|RAILWAYPROJECT_ID67_kunj_20260312_194304.pdf
Initial file size: 3906 bytes
Final file size: 3906 bytes
Timestamp (IST): 2026-03-12 19:43:07
Station code: KUNJ
File name: RAILWAYPROJECT_ID67_kunj_20260312_194304.pdf
Full file MD5: 076f6b04e5130774d8e31c958ad8450e

--------------------------------------------------
Metadata Checksum: 857c89731ce8a2a5d1558d442e1ca0c2
Metadata Data string: KUNJ|3906|2026-03-12 19:43:21|RAILWAYPROJECT_ID67_kunj_20260312_194318.pdf
Initial file size: 3906 bytes
Final file size: 3906 bytes
Timestamp (IST): 2026-03-12 19:43:21
Station code: KUNJ
File name: RAILWAYPROJECT_ID67_kunj_20260312_194318.pdf
Full file MD5: 076f6b04e5130774d8e31c958ad8450e

--------------------------------------------------
Metadata Checksum: 8a3981b4b4d86a4571b1fea2f2153b4f
Metadata Data string: KUNJ|3906|2026-03-12 19:43:43|RAILWAYPROJECT_ID67_kunj_20260312_194340.pdf
Initial file size: 3906 bytes
Final file size: 3906 bytes
Timestamp (IST): 2026-03-12 19:43:43
Station code: KUNJ
File name: RAILWAYPROJECT_ID67_kunj_20260312_194340.pdf
Full file MD5: 076f6b04e5130774d8e31c958ad8450e

--------------------------------------------------
Metadata Checksum: 79e5816b01b69a55870856608e9f3411
Metadata Data string: TEST|10121|2026-03-12 19:43:58|RAILWAYPROJECT_ID72_Upendra_20260312_151835.pdf_2026-03-12_19-43-58_1074c374.pdf
Initial file size: 10121 bytes
Final file size: 10121 bytes
Timestamp (IST): 2026-03-12 19:43:58
Station code: TEST
File name: RAILWAYPROJECT_ID72_Upendra_20260312_151835.pdf_2026-03-12_19-43-58_1074c374.pdf
Full file MD5: d1648901d7f69cfe98266e3459c79460

--------------------------------------------------
Metadata Checksum: 846eee088ebee931aab631b2e9dc52ee
Metadata Data string: KUNJ|3906|2026-03-12 19:46:15|RAILWAYPROJECT_ID67_kunj_20260312_194612.pdf
Initial file size: 3906 bytes
Final file size: 3906 bytes
Timestamp (IST): 2026-03-12 19:46:15
Station code: KUNJ
File name: RAILWAYPROJECT_ID67_kunj_20260312_194612.pdf
Full file MD5: 076f6b04e5130774d8e31c958ad8450e

--------------------------------------------------
Metadata Checksum: bda1f8320b9860b342acc4bc99cc0cbb
Metadata Data string: KUNJ|3906|2026-03-12 19:46:29|RAILWAYPROJECT_ID67_kunj_20260312_194626.pdf
Initial file size: 3906 bytes
Final file size: 3906 bytes
Timestamp (IST): 2026-03-12 19:46:29
Station code: KUNJ
File name: RAILWAYPROJECT_ID67_kunj_20260312_194626.pdf
Full file MD5: 076f6b04e5130774d8e31c958ad8450e

--------------------------------------------------
Metadata Checksum: c13a89caed730da747d29ded0a9a5ef9
Metadata Data string: KUNJ|3906|2026-03-12 19:46:43|RAILWAYPROJECT_ID67_kunj_20260312_194640.pdf
Initial file size: 3906 bytes
Final file size: 3906 bytes
Timestamp (IST): 2026-03-12 19:46:43
Station code: KUNJ
File name: RAILWAYPROJECT_ID67_kunj_20260312_194640.pdf
Full file MD5: 076f6b04e5130774d8e31c958ad8450e

--------------------------------------------------
Metadata Checksum: cafa0f98132c59739f145874e684239b
Metadata Data string: TEST|10121|2026-03-12 19:46:58|RAILWAYPROJECT_ID72_Upendra_20260312_151835.pdf_2026-03-12_19-46-57_7d12b123.pdf
Initial file size: 10121 bytes
Final file size: 10121 bytes
Timestamp (IST): 2026-03-12 19:46:58
Station code: TEST
File name: RAILWAYPROJECT_ID72_Upendra_20260312_151835.pdf_2026-03-12_19-46-57_7d12b123.pdf
Full file MD5: d1648901d7f69cfe98266e3459c79460

--------------------------------------------------
Metadata Checksum: 99d4e043012bf77c4df5b21c242551b8
Metadata Data string: KUNJ|3906|2026-03-12 19:52:36|RAILWAYPROJECT_ID67_kunj_20260312_195234.pdf
Initial file size: 3906 bytes
Final file size: 3906 bytes
Timestamp (IST): 2026-03-12 19:52:36
Station code: KUNJ
File name: RAILWAYPROJECT_ID67_kunj_20260312_195234.pdf
Full file MD5: 076f6b04e5130774d8e31c958ad8450e

--------------------------------------------------
Metadata Checksum: b38f28466bed8747192ce976c8304d44
Metadata Data string: KUNJ|3906|2026-03-12 19:52:50|RAILWAYPROJECT_ID67_kunj_20260312_195248.pdf
Initial file size: 3906 bytes
Final file size: 3906 bytes
Timestamp (IST): 2026-03-12 19:52:50
Station code: KUNJ
File name: RAILWAYPROJECT_ID67_kunj_20260312_195248.pdf
Full file MD5: 076f6b04e5130774d8e31c958ad8450e

--------------------------------------------------
Metadata Checksum: 4ab04469e2806d822e55f939125982a1
Metadata Data string: KUNJ|3906|2026-03-12 19:53:05|RAILWAYPROJECT_ID67_kunj_20260312_195302.pdf
Initial file size: 3906 bytes
Final file size: 3906 bytes
Timestamp (IST): 2026-03-12 19:53:05
Station code: KUNJ
File name: RAILWAYPROJECT_ID67_kunj_20260312_195302.pdf
Full file MD5: 076f6b04e5130774d8e31c958ad8450e

--------------------------------------------------
Metadata Checksum: 6f5990badfa7a1d830db9f38f6bf206e
Metadata Data string: KUNJ|3906|2026-03-12 19:53:18|RAILWAYPROJECT_ID67_kunj_20260312_195316.pdf
Initial file size: 3906 bytes
Final file size: 3906 bytes
Timestamp (IST): 2026-03-12 19:53:18
Station code: KUNJ
File name: RAILWAYPROJECT_ID67_kunj_20260312_195316.pdf
Full file MD5: 076f6b04e5130774d8e31c958ad8450e

--------------------------------------------------
Metadata Checksum: f2f0447b311b83940a01104d4d8daf1f
Metadata Data string: KUNJ|3906|2026-03-12 19:53:31|RAILWAYPROJECT_ID67_kunj_20260312_195329.pdf
Initial file size: 3906 bytes
Final file size: 3906 bytes
Timestamp (IST): 2026-03-12 19:53:31
Station code: KUNJ
File name: RAILWAYPROJECT_ID67_kunj_20260312_195329.pdf
Full file MD5: 076f6b04e5130774d8e31c958ad8450e

--------------------------------------------------
Metadata Checksum: e7af8c1b3cce7678429cc0283aedcbd8
Metadata Data string: KUNJ|3906|2026-03-12 19:54:02|RAILWAYPROJECT_ID67_kunj_20260312_195359.pdf
Initial file size: 3906 bytes
Final file size: 3906 bytes
Timestamp (IST): 2026-03-12 19:54:02
Station code: KUNJ
File name: RAILWAYPROJECT_ID67_kunj_20260312_195359.pdf
Full file MD5: 076f6b04e5130774d8e31c958ad8450e

--------------------------------------------------
Metadata Checksum: f3856921577498789d0ba4664a1efcd3
Metadata Data string: KUNJ|3906|2026-03-12 19:54:14|RAILWAYPROJECT_ID67_kunj_20260312_195412.pdf
Initial file size: 3906 bytes
Final file size: 3906 bytes
Timestamp (IST): 2026-03-12 19:54:14
Station code: KUNJ
File name: RAILWAYPROJECT_ID67_kunj_20260312_195412.pdf
Full file MD5: 076f6b04e5130774d8e31c958ad8450e

--------------------------------------------------
Metadata Checksum: a3e09bf3aed29585da11979d1b8cc4de
Metadata Data string: KUNJ|3906|2026-03-12 19:54:37|RAILWAYPROJECT_ID67_kunj_20260312_195434.pdf
Initial file size: 3906 bytes
Final file size: 3906 bytes
Timestamp (IST): 2026-03-12 19:54:37
Station code: KUNJ
File name: RAILWAYPROJECT_ID67_kunj_20260312_195434.pdf
Full file MD5: 076f6b04e5130774d8e31c958ad8450e

--------------------------------------------------
Metadata Checksum: 857c8fb3b8c9e0664233f4811673bc04
Metadata Data string: KUNJ|3906|2026-03-12 19:54:52|RAILWAYPROJECT_ID67_kunj_20260312_195450.pdf
Initial file size: 3906 bytes
Final file size: 3906 bytes
Timestamp (IST): 2026-03-12 19:54:52
Station code: KUNJ
File name: RAILWAYPROJECT_ID67_kunj_20260312_195450.pdf
Full file MD5: 076f6b04e5130774d8e31c958ad8450e

--------------------------------------------------
Metadata Checksum: 1e18dac8a61e77b42eac8cc5024d7e1b
Metadata Data string: KUNJ|3906|2026-03-12 19:55:10|RAILWAYPROJECT_ID67_kunj_20260312_195508.pdf
Initial file size: 3906 bytes
Final file size: 3906 bytes
Timestamp (IST): 2026-03-12 19:55:10
Station code: KUNJ
File name: RAILWAYPROJECT_ID67_kunj_20260312_195508.pdf
Full file MD5: 076f6b04e5130774d8e31c958ad8450e

--------------------------------------------------
Metadata Checksum: f4f9f4a72e6abf3c32fc7aadf77d7efb
Metadata Data string: TEST|10121|2026-03-12 19:57:47|RAILWAYPROJECT_ID72_Upendra_20260312_151835.pdf_2026-03-12_19-57-47_06dc8900.pdf
Initial file size: 10121 bytes
Final file size: 10121 bytes
Timestamp (IST): 2026-03-12 19:57:47
Station code: TEST
File name: RAILWAYPROJECT_ID72_Upendra_20260312_151835.pdf_2026-03-12_19-57-47_06dc8900.pdf
Full file MD5: d1648901d7f69cfe98266e3459c79460

--------------------------------------------------
Metadata Checksum: 5f8c25aec1bcbfee0611c115d2d5b9ea
Metadata Data string: KUNJ|3906|2026-03-12 19:59:47|RAILWAYPROJECT_ID67_kunj_20260312_195944.pdf
Initial file size: 3906 bytes
Final file size: 3906 bytes
Timestamp (IST): 2026-03-12 19:59:47
Station code: KUNJ
File name: RAILWAYPROJECT_ID67_kunj_20260312_195944.pdf
Full file MD5: 076f6b04e5130774d8e31c958ad8450e

--------------------------------------------------
Metadata Checksum: df4b50e066132f468c7de096de04bb26
Metadata Data string: KUNJ|3906|2026-03-12 20:00:04|RAILWAYPROJECT_ID67_kunj_20260312_200001.pdf
Initial file size: 3906 bytes
Final file size: 3906 bytes
Timestamp (IST): 2026-03-12 20:00:04
Station code: KUNJ
File name: RAILWAYPROJECT_ID67_kunj_20260312_200001.pdf
Full file MD5: 076f6b04e5130774d8e31c958ad8450e

--------------------------------------------------
Metadata Checksum: db28aa0644afa2de60a9a4a72954d97c
Metadata Data string: KUNJ|3906|2026-03-12 20:00:22|RAILWAYPROJECT_ID67_kunj_20260312_200019.pdf
Initial file size: 3906 bytes
Final file size: 3906 bytes
Timestamp (IST): 2026-03-12 20:00:22
Station code: KUNJ
File name: RAILWAYPROJECT_ID67_kunj_20260312_200019.pdf
Full file MD5: 076f6b04e5130774d8e31c958ad8450e

--------------------------------------------------
Metadata Checksum: 0d334a3a6bdd4b2baaf36a5888850778
Metadata Data string: KUNJ|3906|2026-03-12 20:00:38|RAILWAYPROJECT_ID67_kunj_20260312_200035.pdf
Initial file size: 3906 bytes
Final file size: 3906 bytes
Timestamp (IST): 2026-03-12 20:00:38
Station code: KUNJ
File name: RAILWAYPROJECT_ID67_kunj_20260312_200035.pdf
Full file MD5: 076f6b04e5130774d8e31c958ad8450e

--------------------------------------------------
Metadata Checksum: 26df06070d7d2866fd59839dce0b8fb6
Metadata Data string: KUNJ|3906|2026-03-12 20:03:29|RAILWAYPROJECT_ID67_kunj_20260312_200326.pdf
Initial file size: 3906 bytes
Final file size: 3906 bytes
Timestamp (IST): 2026-03-12 20:03:29
Station code: KUNJ
File name: RAILWAYPROJECT_ID67_kunj_20260312_200326.pdf
Full file MD5: 076f6b04e5130774d8e31c958ad8450e

--------------------------------------------------
Metadata Checksum: 1c978525ac4d138733b769e79f9ee7a3
Metadata Data string: KUNJ|3906|2026-03-12 20:13:09|RAILWAYPROJECT_ID67_kunj_20260312_201306.pdf
Initial file size: 3906 bytes
Final file size: 3906 bytes
Timestamp (IST): 2026-03-12 20:13:09
Station code: KUNJ
File name: RAILWAYPROJECT_ID67_kunj_20260312_201306.pdf
Full file MD5: 076f6b04e5130774d8e31c958ad8450e

--------------------------------------------------
Metadata Checksum: 0d298f70b7202ae30d6b8f24fd8a561c
Metadata Data string: KUNJ|3906|2026-03-12 20:14:13|RAILWAYPROJECT_ID67_kunj_20260312_201411.pdf
Initial file size: 3906 bytes
Final file size: 3906 bytes
Timestamp (IST): 2026-03-12 20:14:13
Station code: KUNJ
File name: RAILWAYPROJECT_ID67_kunj_20260312_201411.pdf
Full file MD5: 076f6b04e5130774d8e31c958ad8450e

--------------------------------------------------
Metadata Checksum: 8f841c1e0d9c75ef9f0d7d3c981412ee
Metadata Data string: KUNJ|3906|2026-03-12 20:14:56|RAILWAYPROJECT_ID67_kunj_20260312_201454.pdf
Initial file size: 3906 bytes
Final file size: 3906 bytes
Timestamp (IST): 2026-03-12 20:14:56
Station code: KUNJ
File name: RAILWAYPROJECT_ID67_kunj_20260312_201454.pdf
Full file MD5: 076f6b04e5130774d8e31c958ad8450e

--------------------------------------------------
Metadata Checksum: 206d7793b1b73e3f65ff39b97dfda269
Metadata Data string: KUNJ|3906|2026-03-12 20:15:23|RAILWAYPROJECT_ID67_kunj_20260312_201521.pdf
Initial file size: 3906 bytes
Final file size: 3906 bytes
Timestamp (IST): 2026-03-12 20:15:23
Station code: KUNJ
File name: RAILWAYPROJECT_ID67_kunj_20260312_201521.pdf
Full file MD5: 076f6b04e5130774d8e31c958ad8450e

--------------------------------------------------
Metadata Checksum: c265c42acfaa3a8fb2e00ac67a424764
Metadata Data string: KUNJ|3906|2026-03-12 20:15:40|RAILWAYPROJECT_ID67_kunj_20260312_201537.pdf
Initial file size: 3906 bytes
Final file size: 3906 bytes
Timestamp (IST): 2026-03-12 20:15:40
Station code: KUNJ
File name: RAILWAYPROJECT_ID67_kunj_20260312_201537.pdf
Full file MD5: 076f6b04e5130774d8e31c958ad8450e

--------------------------------------------------
Metadata Checksum: 1fa6aef9527008c213b6eced6215d161
Metadata Data string: KUNJ|3906|2026-03-12 20:20:33|RAILWAYPROJECT_ID67_kunj_20260312_202028.pdf
Initial file size: 3906 bytes
Final file size: 3906 bytes
Timestamp (IST): 2026-03-12 20:20:33
Station code: KUNJ
File name: RAILWAYPROJECT_ID67_kunj_20260312_202028.pdf
Full file MD5: 076f6b04e5130774d8e31c958ad8450e

--------------------------------------------------
Metadata Checksum: b05be5e4450a3763d408b9e4f6dcf74e
Metadata Data string: KUNJ|3906|2026-03-12 20:20:53|RAILWAYPROJECT_ID67_kunj_20260312_202050.pdf
Initial file size: 3906 bytes
Final file size: 3906 bytes
Timestamp (IST): 2026-03-12 20:20:53
Station code: KUNJ
File name: RAILWAYPROJECT_ID67_kunj_20260312_202050.pdf
Full file MD5: 076f6b04e5130774d8e31c958ad8450e

--------------------------------------------------
Metadata Checksum: 6d4a0d19ce8ae7d61255974f6b6d59d9
Metadata Data string: KUNJ|3906|2026-03-12 20:21:37|RAILWAYPROJECT_ID67_kunj_20260312_202134.pdf
Initial file size: 3906 bytes
Final file size: 3906 bytes
Timestamp (IST): 2026-03-12 20:21:37
Station code: KUNJ
File name: RAILWAYPROJECT_ID67_kunj_20260312_202134.pdf
Full file MD5: 076f6b04e5130774d8e31c958ad8450e

--------------------------------------------------
Metadata Checksum: 7e28cf4cd631850020b08b0eb3a2347f
Metadata Data string: TEST|10052|2026-03-12 20:22:16|RAILWAYPROJECT_ID72_Upendra_20260312_202213.pdf
Initial file size: 10052 bytes
Final file size: 10052 bytes
Timestamp (IST): 2026-03-12 20:22:16
Station code: TEST
File name: RAILWAYPROJECT_ID72_Upendra_20260312_202213.pdf
Full file MD5: 590426a20b7a3e48bd020af08ba5806b

--------------------------------------------------
Metadata Checksum: b62f76355879399abd1a9f4c40cf8c70
Metadata Data string: TEST|10121|2026-03-12 20:22:37|RAILWAYPROJECT_ID72_Upendra_20260312_151835.pdf_2026-03-12_20-22-36_fbe63fc7.pdf
Initial file size: 10121 bytes
Final file size: 10121 bytes
Timestamp (IST): 2026-03-12 20:22:37
Station code: TEST
File name: RAILWAYPROJECT_ID72_Upendra_20260312_151835.pdf_2026-03-12_20-22-36_fbe63fc7.pdf
Full file MD5: d1648901d7f69cfe98266e3459c79460

--------------------------------------------------
Metadata Checksum: ec68e67dde5bb77350cf28c0e1468c34
Metadata Data string: TEST|10121|2026-03-12 20:23:41|RAILWAYPROJECT_ID72_Upendra_20260312_151835.pdf_2026-03-12_20-23-40_a277d913.pdf
Initial file size: 10121 bytes
Final file size: 10121 bytes
Timestamp (IST): 2026-03-12 20:23:41
Station code: TEST
File name: RAILWAYPROJECT_ID72_Upendra_20260312_151835.pdf_2026-03-12_20-23-40_a277d913.pdf
Full file MD5: d1648901d7f69cfe98266e3459c79460

--------------------------------------------------
Metadata Checksum: 025fcfeb100af8aebd0405d27ba37c9d
Metadata Data string: TEST|10052|2026-03-12 20:27:51|RAILWAYPROJECT_ID72_Upendra_20260312_202748.pdf
Initial file size: 10052 bytes
Final file size: 10052 bytes
Timestamp (IST): 2026-03-12 20:27:51
Station code: TEST
File name: RAILWAYPROJECT_ID72_Upendra_20260312_202748.pdf
Full file MD5: 590426a20b7a3e48bd020af08ba5806b

--------------------------------------------------
Metadata Checksum: 5476aca7970429744365b2da9a44a9b6
Metadata Data string: TEST|10052|2026-03-12 20:28:05|RAILWAYPROJECT_ID72_Upendra_20260312_202803.pdf
Initial file size: 10052 bytes
Final file size: 10052 bytes
Timestamp (IST): 2026-03-12 20:28:05
Station code: TEST
File name: RAILWAYPROJECT_ID72_Upendra_20260312_202803.pdf
Full file MD5: 590426a20b7a3e48bd020af08ba5806b

--------------------------------------------------
Metadata Checksum: 3f29e46ac349d42106e7237b4f74b993
Metadata Data string: TEST|10052|2026-03-12 20:28:19|RAILWAYPROJECT_ID72_Upendra_20260312_202817.pdf
Initial file size: 10052 bytes
Final file size: 10052 bytes
Timestamp (IST): 2026-03-12 20:28:19
Station code: TEST
File name: RAILWAYPROJECT_ID72_Upendra_20260312_202817.pdf
Full file MD5: 590426a20b7a3e48bd020af08ba5806b

--------------------------------------------------
Metadata Checksum: 675031b328955b1a99d97f6de1bc97de
Metadata Data string: TEST|10052|2026-03-12 20:44:04|RAILWAYPROJECT_ID72_Upendra_20260312_204401.pdf
Initial file size: 10052 bytes
Final file size: 10052 bytes
Timestamp (IST): 2026-03-12 20:44:04
Station code: TEST
File name: RAILWAYPROJECT_ID72_Upendra_20260312_204401.pdf
Full file MD5: 590426a20b7a3e48bd020af08ba5806b

--------------------------------------------------
Metadata Checksum: 3e479219f568721356014f44836a943b
Metadata Data string: TEST|10052|2026-03-12 20:44:28|RAILWAYPROJECT_ID72_Upendra_20260312_204426.pdf
Initial file size: 10052 bytes
Final file size: 10052 bytes
Timestamp (IST): 2026-03-12 20:44:28
Station code: TEST
File name: RAILWAYPROJECT_ID72_Upendra_20260312_204426.pdf
Full file MD5: 590426a20b7a3e48bd020af08ba5806b

--------------------------------------------------
Metadata Checksum: e2eb12f837f403daf2c6602cd4082bbc
Metadata Data string: TEST|10052|2026-03-12 20:51:59|RAILWAYPROJECT_ID72_Upendra_20260312_205156.pdf
Initial file size: 10052 bytes
Final file size: 10052 bytes
Timestamp (IST): 2026-03-12 20:51:59
Station code: TEST
File name: RAILWAYPROJECT_ID72_Upendra_20260312_205156.pdf
Full file MD5: 590426a20b7a3e48bd020af08ba5806b

--------------------------------------------------
Metadata Checksum: 741ac819c70d0d31bf7b49965a166fa2
Metadata Data string: TEST|10052|2026-03-12 20:54:27|RAILWAYPROJECT_ID72_Upendra_20260312_205424.pdf
Initial file size: 10052 bytes
Final file size: 10052 bytes
Timestamp (IST): 2026-03-12 20:54:27
Station code: TEST
File name: RAILWAYPROJECT_ID72_Upendra_20260312_205424.pdf
Full file MD5: 590426a20b7a3e48bd020af08ba5806b

--------------------------------------------------
Metadata Checksum: eba38a5831e7d24b862191a1be781b39
Metadata Data string: TEST|10052|2026-03-12 20:56:47|RAILWAYPROJECT_ID72_Upendra_20260312_205644.pdf
Initial file size: 10052 bytes
Final file size: 10052 bytes
Timestamp (IST): 2026-03-12 20:56:47
Station code: TEST
File name: RAILWAYPROJECT_ID72_Upendra_20260312_205644.pdf
Full file MD5: 590426a20b7a3e48bd020af08ba5806b

--------------------------------------------------
Metadata Checksum: 89fd05480756cfaeffd4ea8c880dd230
Metadata Data string: TEST|10121|2026-03-12 20:57:57|RAILWAYPROJECT_ID72_Upendra_20260312_151835.pdf_2026-03-12_20-57-57_8c2a2345.pdf
Initial file size: 10121 bytes
Final file size: 10121 bytes
Timestamp (IST): 2026-03-12 20:57:57
Station code: TEST
File name: RAILWAYPROJECT_ID72_Upendra_20260312_151835.pdf_2026-03-12_20-57-57_8c2a2345.pdf
Full file MD5: d1648901d7f69cfe98266e3459c79460

--------------------------------------------------
Metadata Checksum: b0c8cfd5ad88eff679bbc2b409378ed9
Metadata Data string: TEST|10052|2026-03-12 20:58:34|RAILWAYPROJECT_ID72_Upendra_20260312_205832.pdf
Initial file size: 10052 bytes
Final file size: 10052 bytes
Timestamp (IST): 2026-03-12 20:58:34
Station code: TEST
File name: RAILWAYPROJECT_ID72_Upendra_20260312_205832.pdf
Full file MD5: 590426a20b7a3e48bd020af08ba5806b

--------------------------------------------------
Metadata Checksum: 378fecab98e3b3efcdb6ae737eab79b8
Metadata Data string: TEST|10100|2026-03-13 08:45:10|RAILWAYPROJECT_ID72_Upendra_20260313_084507.pdf
Initial file size: 10100 bytes
Final file size: 10100 bytes
Timestamp (IST): 2026-03-13 08:45:10
Station code: TEST
File name: RAILWAYPROJECT_ID72_Upendra_20260313_084507.pdf
Full file MD5: 94d08abcdca0f26f96f43a722ac122fe

--------------------------------------------------
Metadata Checksum: 0fcfb4e6cdec25be35e401e912f62279
Metadata Data string: TEST|10250|2026-03-13 08:47:42|RAILWAYPROJECT_ID72_Upendra_20260313_084739.pdf
Initial file size: 10250 bytes
Final file size: 10250 bytes
Timestamp (IST): 2026-03-13 08:47:42
Station code: TEST
File name: RAILWAYPROJECT_ID72_Upendra_20260313_084739.pdf
Full file MD5: 6de1b9d1820cf3e1a1e6d2f844443272

--------------------------------------------------
Metadata Checksum: e0b18b38f7f60688288c3e50cac9bd2e
Metadata Data string: TEST|10250|2026-03-13 08:54:17|RAILWAYPROJECT_ID72_Upendra_20260313_085414.pdf
Initial file size: 10250 bytes
Final file size: 10250 bytes
Timestamp (IST): 2026-03-13 08:54:17
Station code: TEST
File name: RAILWAYPROJECT_ID72_Upendra_20260313_085414.pdf
Full file MD5: 6de1b9d1820cf3e1a1e6d2f844443272

--------------------------------------------------
Metadata Checksum: 562fc2b4734ea189bc4de875ed2c7da9
Metadata Data string: TEST|10250|2026-03-13 08:56:25|RAILWAYPROJECT_ID72_Upendra_20260313_085623.pdf
Initial file size: 10250 bytes
Final file size: 10250 bytes
Timestamp (IST): 2026-03-13 08:56:25
Station code: TEST
File name: RAILWAYPROJECT_ID72_Upendra_20260313_085623.pdf
Full file MD5: 6de1b9d1820cf3e1a1e6d2f844443272

--------------------------------------------------
Metadata Checksum: eda7c3d3a7d2116dfec353d69c511c72
Metadata Data string: TEST|10329|2026-03-13 08:58:03|RAILWAYPROJECT_ID72_Upendra_20260313_085801.pdf
Initial file size: 10329 bytes
Final file size: 10329 bytes
Timestamp (IST): 2026-03-13 08:58:03
Station code: TEST
File name: RAILWAYPROJECT_ID72_Upendra_20260313_085801.pdf
Full file MD5: 8045b81dcf8f7f9246d4818bf57ef5d2

--------------------------------------------------
Metadata Checksum: 7ed1b100aae337fa0488be304f047f94
Metadata Data string: TEST|10139|2026-03-13 09:00:16|RAILWAYPROJECT_ID72_Upendra_20260313_090013.pdf
Initial file size: 10139 bytes
Final file size: 10139 bytes
Timestamp (IST): 2026-03-13 09:00:16
Station code: TEST
File name: RAILWAYPROJECT_ID72_Upendra_20260313_090013.pdf
Full file MD5: cf981c6d82191b31fbb82243c4dc3461

--------------------------------------------------
Metadata Checksum: 59346031e1afdc40fa2fade9a21cdc75
Metadata Data string: TEST|10209|2026-03-13 09:07:01|RAILWAYPROJECT_ID72_Upendra_20260313_090659.pdf
Initial file size: 10209 bytes
Final file size: 10209 bytes
Timestamp (IST): 2026-03-13 09:07:01
Station code: TEST
File name: RAILWAYPROJECT_ID72_Upendra_20260313_090659.pdf
Full file MD5: e03c08e68ebddb5297fc2b450322a20e

--------------------------------------------------
Metadata Checksum: d977aaf2384da0255b66c8a861fdd094
Metadata Data string: TEST|10209|2026-03-13 09:22:39|railway_project_72_20260313_092237_Upendra.pdf
Initial file size: 10209 bytes
Final file size: 10209 bytes
Timestamp (IST): 2026-03-13 09:22:39
Station code: TEST
File name: railway_project_72_20260313_092237_Upendra.pdf
Full file MD5: e03c08e68ebddb5297fc2b450322a20e

--------------------------------------------------
Metadata Checksum: 61cc7ef2c41ed7ed86b1e7df89be9955
Metadata Data string: TEST|10164|2026-03-13 09:24:47|railway_project_72_20260313_092444_Upendra.pdf
Initial file size: 10164 bytes
Final file size: 10164 bytes
Timestamp (IST): 2026-03-13 09:24:47
Station code: TEST
File name: railway_project_72_20260313_092444_Upendra.pdf
Full file MD5: b29887bc3e6b52c86d203c73052b4203

--------------------------------------------------
Metadata Checksum: 69dd87281ae98d3f0bd8fcccf8c0ec5b
Metadata Data string: TEST|10328|2026-03-13 09:29:28|railway_project_72_20260313_092926_Upendra.pdf
Initial file size: 10328 bytes
Final file size: 10328 bytes
Timestamp (IST): 2026-03-13 09:29:28
Station code: TEST
File name: railway_project_72_20260313_092926_Upendra.pdf
Full file MD5: 52b09c9e6dc7f44e1e0e4a179ae28a01

--------------------------------------------------
Metadata Checksum: 5fe95f66482d42d1154bbce0f1c4dd75
Metadata Data string: TEST|10241|2026-03-13 14:57:29|railway_project_72_20260313_145727_Upendra.pdf
Initial file size: 10241 bytes
Final file size: 10241 bytes
Timestamp (IST): 2026-03-13 14:57:29
Station code: TEST
File name: railway_project_72_20260313_145727_Upendra.pdf
Full file MD5: 0e334abab7c4bc5b0b577b4cd0475e8c

--------------------------------------------------
Metadata Checksum: 20382a63d65b325bfab4c7df26e2aa20
Metadata Data string: TEST|10241|2026-03-13 16:15:20|railway_project_72_20260313_161515_Upendra.pdf
Initial file size: 10241 bytes
Final file size: 10241 bytes
Timestamp (IST): 2026-03-13 16:15:20
Station code: TEST
File name: railway_project_72_20260313_161515_Upendra.pdf
Full file MD5: 0e334abab7c4bc5b0b577b4cd0475e8c

--------------------------------------------------
Metadata Checksum: 79ee1995ceba843e83360d9bcd1c1771
Metadata Data string: TEST|10241|2026-03-13 16:47:32|railway_project_72_20260313_164729_Upendra.pdf
Initial file size: 10241 bytes
Final file size: 10241 bytes
Timestamp (IST): 2026-03-13 16:47:32
Station code: TEST
File name: railway_project_72_20260313_164729_Upendra.pdf
Full file MD5: 0e334abab7c4bc5b0b577b4cd0475e8c

--------------------------------------------------
Metadata Checksum: ceccf535788a5a122bd56880c57594ff
Metadata Data string: TEST|10097|2026-03-13 17:00:33|railway_project_64_20260313_170031_test10.pdf
Initial file size: 10097 bytes
Final file size: 10097 bytes
Timestamp (IST): 2026-03-13 17:00:33
Station code: TEST
File name: railway_project_64_20260313_170031_test10.pdf
Full file MD5: 9cec3fc70bed1f1da2c754af43f2b34f

--------------------------------------------------
Metadata Checksum: cb9214731bec11843636ddbe4ed4a159
Metadata Data string: TEST|10097|2026-03-13 17:02:42|railway_project_64_20260313_170240_test10.pdf
Initial file size: 10097 bytes
Final file size: 10097 bytes
Timestamp (IST): 2026-03-13 17:02:42
Station code: TEST
File name: railway_project_64_20260313_170240_test10.pdf
Full file MD5: 9cec3fc70bed1f1da2c754af43f2b34f

--------------------------------------------------
Metadata Checksum: 384dcc93c26b5bd7320f98eec7bd1d74
Metadata Data string: TEST|10043|2026-03-13 17:09:25|railway_project_72_20260313_170923_Upendra.pdf
Initial file size: 10043 bytes
Final file size: 10043 bytes
Timestamp (IST): 2026-03-13 17:09:25
Station code: TEST
File name: railway_project_72_20260313_170923_Upendra.pdf
Full file MD5: 44d21c8ec4705818a1082c59cb38aba5

--------------------------------------------------
Metadata Checksum: ee6e57af589eb47670bff853cd258ba3
Metadata Data string: TEST|10043|2026-03-13 18:03:51|railway_project_72_20260313_180346_Upendra.pdf
Initial file size: 10043 bytes
Final file size: 10043 bytes
Timestamp (IST): 2026-03-13 18:03:51
Station code: TEST
File name: railway_project_72_20260313_180346_Upendra.pdf
Full file MD5: 44d21c8ec4705818a1082c59cb38aba5

--------------------------------------------------
Metadata Checksum: 3c8dcbfff259d2cedbd8a8f56d47d8c2
Metadata Data string: KHED|6035|2026-03-17 13:21:18|railway_project_73_20260317_132116_Idd.pdf
Initial file size: 6035 bytes
Final file size: 6035 bytes
Timestamp (IST): 2026-03-17 13:21:18
Station code: KHED
File name: railway_project_73_20260317_132116_Idd.pdf
Full file MD5: 40cec15b5066ae685951d7f630de4884

--------------------------------------------------
Metadata Checksum: 8fd20201c4b6cc01360f09ac17bc0c3f
Metadata Data string: KHED|6035|2026-03-17 13:21:26|railway_project_73_20260317_132124_Idd.pdf
Initial file size: 6035 bytes
Final file size: 6035 bytes
Timestamp (IST): 2026-03-17 13:21:26
Station code: KHED
File name: railway_project_73_20260317_132124_Idd.pdf
Full file MD5: 40cec15b5066ae685951d7f630de4884

--------------------------------------------------
Metadata Checksum: f540ebaddf20542ab9c96b822e1d7bc2
Metadata Data string: TEST|13950|2026-03-18 13:07:16|railway_project_72_20260318_130711_Upendra.pdf
Initial file size: 13950 bytes
Final file size: 13950 bytes
Timestamp (IST): 2026-03-18 13:07:16
Station code: TEST
File name: railway_project_72_20260318_130711_Upendra.pdf
Full file MD5: b8a39636cb8f2b29d907422ce82bebad

--------------------------------------------------
Metadata Checksum: 80aaaefe2733493ecc5ff2282121d735
Metadata Data string: TEST|13950|2026-03-18 13:07:25|railway_project_72_20260318_130722_Upendra.pdf
Initial file size: 13950 bytes
Final file size: 13950 bytes
Timestamp (IST): 2026-03-18 13:07:25
Station code: TEST
File name: railway_project_72_20260318_130722_Upendra.pdf
Full file MD5: b8a39636cb8f2b29d907422ce82bebad

--------------------------------------------------
Metadata Checksum: 0c6cfc583f1dc495e350da089ada9e54
Metadata Data string: TEST|13950|2026-03-18 13:08:37|railway_project_72_20260318_130834_Upendra.pdf
Initial file size: 13950 bytes
Final file size: 13950 bytes
Timestamp (IST): 2026-03-18 13:08:37
Station code: TEST
File name: railway_project_72_20260318_130834_Upendra.pdf
Full file MD5: b8a39636cb8f2b29d907422ce82bebad

--------------------------------------------------
Metadata Checksum: 59a8c76284e79f3e18256a47bb327aa3
Metadata Data string: TEST|13950|2026-03-18 13:08:46|railway_project_72_20260318_130843_Upendra.pdf
Initial file size: 13950 bytes
Final file size: 13950 bytes
Timestamp (IST): 2026-03-18 13:08:46
Station code: TEST
File name: railway_project_72_20260318_130843_Upendra.pdf
Full file MD5: b8a39636cb8f2b29d907422ce82bebad

--------------------------------------------------
Metadata Checksum: 7c5ce3298f273a8e6c5de547e88307fb
Metadata Data string: TEST|13950|2026-03-18 13:09:24|railway_project_72_20260318_130921_Upendra.pdf
Initial file size: 13950 bytes
Final file size: 13950 bytes
Timestamp (IST): 2026-03-18 13:09:24
Station code: TEST
File name: railway_project_72_20260318_130921_Upendra.pdf
Full file MD5: b8a39636cb8f2b29d907422ce82bebad

--------------------------------------------------
Metadata Checksum: 2ee4af63a98ca68eb9eb168162833f97
Metadata Data string: TEST|13950|2026-03-18 13:12:27|railway_project_72_20260318_131223_Upendra.pdf
Initial file size: 13950 bytes
Final file size: 13950 bytes
Timestamp (IST): 2026-03-18 13:12:27
Station code: TEST
File name: railway_project_72_20260318_131223_Upendra.pdf
Full file MD5: b8a39636cb8f2b29d907422ce82bebad

--------------------------------------------------
Metadata Checksum: 2e13a61f06ba4063c545541a8ba333a1
Metadata Data string: TEST|21487|2026-03-18 13:15:23|railway_project_72_20260318_131519_Upendra.pdf
Initial file size: 21487 bytes
Final file size: 21487 bytes
Timestamp (IST): 2026-03-18 13:15:23
Station code: TEST
File name: railway_project_72_20260318_131519_Upendra.pdf
Full file MD5: 2f2773ff370d3db11af0cf27f6750b2c

--------------------------------------------------
Metadata Checksum: 9660260900ae62f5b02b300bbe684fe2
Metadata Data string: TEST|21487|2026-03-18 13:16:37|railway_project_72_20260318_131634_Upendra.pdf
Initial file size: 21487 bytes
Final file size: 21487 bytes
Timestamp (IST): 2026-03-18 13:16:37
Station code: TEST
File name: railway_project_72_20260318_131634_Upendra.pdf
Full file MD5: 2f2773ff370d3db11af0cf27f6750b2c

--------------------------------------------------
Metadata Checksum: 2d5b7c910c8e3cd5325d46d0964569cb
Metadata Data string: TEST|22169|2026-03-18 15:43:28|railway_project_72_20260318_154322_Upendra.pdf
Initial file size: 22169 bytes
Final file size: 22169 bytes
Timestamp (IST): 2026-03-18 15:43:28
Station code: TEST
File name: railway_project_72_20260318_154322_Upendra.pdf
Full file MD5: aec94d41f40f1f310051def4b8dfc566

--------------------------------------------------
Metadata Checksum: 34878b5bd44a5947a6c9f42c904eafeb
Metadata Data string: TEST|22132|2026-03-18 15:53:05|railway_project_72_20260318_155301_Upendra.pdf
Initial file size: 22132 bytes
Final file size: 22132 bytes
Timestamp (IST): 2026-03-18 15:53:05
Station code: TEST
File name: railway_project_72_20260318_155301_Upendra.pdf
Full file MD5: 6ef52769ab1c635c10625740e4037d18

--------------------------------------------------
Metadata Checksum: 92c893e3d012d8eddc1c82a84872c450
Metadata Data string: TEST|22132|2026-03-18 15:56:43|railway_project_72_20260318_155639_Upendra.pdf
Initial file size: 22132 bytes
Final file size: 22132 bytes
Timestamp (IST): 2026-03-18 15:56:43
Station code: TEST
File name: railway_project_72_20260318_155639_Upendra.pdf
Full file MD5: 6ef52769ab1c635c10625740e4037d18

--------------------------------------------------
Metadata Checksum: 018a13ca90834d5bdf9ba60b931077f9
Metadata Data string: TEST|22132|2026-03-18 16:08:16|railway_project_72_20260318_160813_Upendra.pdf
Initial file size: 22132 bytes
Final file size: 22132 bytes
Timestamp (IST): 2026-03-18 16:08:16
Station code: TEST
File name: railway_project_72_20260318_160813_Upendra.pdf
Full file MD5: 6ef52769ab1c635c10625740e4037d18

--------------------------------------------------
Metadata Checksum: 3a32ab2760e851e4bc4f690f95298f13
Metadata Data string: TEST|23276|2026-03-18 16:24:09|railway_project_72_20260318_162403_Upendra.pdf
Initial file size: 23276 bytes
Final file size: 23276 bytes
Timestamp (IST): 2026-03-18 16:24:09
Station code: TEST
File name: railway_project_72_20260318_162403_Upendra.pdf
Full file MD5: 2751d19b4d36e29645a0bee9d71159df

--------------------------------------------------
Metadata Checksum: c3997b065adcce67f34888b7b93db703
Metadata Data string: TEST|26625|2026-03-18 16:36:49|railway_project_72_20260318_163644_Upendra.pdf
Initial file size: 26625 bytes
Final file size: 26625 bytes
Timestamp (IST): 2026-03-18 16:36:49
Station code: TEST
File name: railway_project_72_20260318_163644_Upendra.pdf
Full file MD5: ae8cc1e0f1bb65bdde19813bef7487bc

--------------------------------------------------
Metadata Checksum: ff830a56eab6910824a18016e658718d
Metadata Data string: TEST|32802|2026-03-18 16:58:37|railway_project_72_20260318_165832_Upendra.pdf
Initial file size: 32802 bytes
Final file size: 32802 bytes
Timestamp (IST): 2026-03-18 16:58:37
Station code: TEST
File name: railway_project_72_20260318_165832_Upendra.pdf
Full file MD5: 75c1fe8287e5c9b767702373284ae832

--------------------------------------------------
Metadata Checksum: 8c72e8f50b8350ec79fe03e854ac41e7
Metadata Data string: TEST|32721|2026-03-18 18:28:13|railway_project_72_20260318_182802_Upendra.pdf
Initial file size: 32721 bytes
Final file size: 32721 bytes
Timestamp (IST): 2026-03-18 18:28:13
Station code: TEST
File name: railway_project_72_20260318_182802_Upendra.pdf
Full file MD5: 6c262cafdd4bb42c36a13895ce0732d7

--------------------------------------------------
Metadata Checksum: 780ddb48569e174677f138d55f16dbac
Metadata Data string: TEST|32721|2026-03-18 18:40:31|railway_project_72_20260318_184026_Upendra.pdf
Initial file size: 32721 bytes
Final file size: 32721 bytes
Timestamp (IST): 2026-03-18 18:40:31
Station code: TEST
File name: railway_project_72_20260318_184026_Upendra.pdf
Full file MD5: 6c262cafdd4bb42c36a13895ce0732d7

--------------------------------------------------
Metadata Checksum: c75528499671ee801f3980262aaf3515
Metadata Data string: TEST|32721|2026-03-19 10:24:24|railway_project_72_20260319_102419_Upendra.pdf
Initial file size: 32721 bytes
Final file size: 32721 bytes
Timestamp (IST): 2026-03-19 10:24:24
Station code: TEST
File name: railway_project_72_20260319_102419_Upendra.pdf
Full file MD5: 6c262cafdd4bb42c36a13895ce0732d7

--------------------------------------------------
Metadata Checksum: d8b48c8ac63358a4570005ac565a03b5
Metadata Data string: TEST|32721|2026-03-19 10:54:34|railway_project_72_20260319_105430_Upendra.pdf
Initial file size: 32721 bytes
Final file size: 32721 bytes
Timestamp (IST): 2026-03-19 10:54:34
Station code: TEST
File name: railway_project_72_20260319_105430_Upendra.pdf
Full file MD5: 6c262cafdd4bb42c36a13895ce0732d7

--------------------------------------------------
Metadata Checksum: decb6ba27587246428dd6e9c123aadfe
Metadata Data string: TEST|32721|2026-03-19 12:55:49|railway_project_72_20260319_125544_Upendra.pdf
Initial file size: 32721 bytes
Final file size: 32721 bytes
Timestamp (IST): 2026-03-19 12:55:49
Station code: TEST
File name: railway_project_72_20260319_125544_Upendra.pdf
Full file MD5: 6c262cafdd4bb42c36a13895ce0732d7

--------------------------------------------------
Metadata Checksum: 8e69728cb69e3d96e51745a9ddf3a8f5
Metadata Data string: TEST|32721|2026-03-19 12:57:47|railway_project_72_20260319_125744_Upendra.pdf
Initial file size: 32721 bytes
Final file size: 32721 bytes
Timestamp (IST): 2026-03-19 12:57:47
Station code: TEST
File name: railway_project_72_20260319_125744_Upendra.pdf
Full file MD5: 6c262cafdd4bb42c36a13895ce0732d7

--------------------------------------------------
Metadata Checksum: 26c3aeb108fe0bcd35a66ed0ed9fe015
Metadata Data string: TEST|32721|2026-03-19 12:58:32|railway_project_72_20260319_125829_Upendra.pdf
Initial file size: 32721 bytes
Final file size: 32721 bytes
Timestamp (IST): 2026-03-19 12:58:32
Station code: TEST
File name: railway_project_72_20260319_125829_Upendra.pdf
Full file MD5: 6c262cafdd4bb42c36a13895ce0732d7

--------------------------------------------------
Metadata Checksum: 4547d4e5b32d3985cd0629d3c46fb583
Metadata Data string: TEST|32721|2026-03-19 13:00:31|railway_project_72_20260319_130027_Upendra.pdf
Initial file size: 32721 bytes
Final file size: 32721 bytes
Timestamp (IST): 2026-03-19 13:00:31
Station code: TEST
File name: railway_project_72_20260319_130027_Upendra.pdf
Full file MD5: 6c262cafdd4bb42c36a13895ce0732d7

--------------------------------------------------
Metadata Checksum: a6918e5e20b6edbb4d5e0e186929785b
Metadata Data string: TEST|32721|2026-03-19 13:01:02|railway_project_72_20260319_130058_Upendra.pdf
Initial file size: 32721 bytes
Final file size: 32721 bytes
Timestamp (IST): 2026-03-19 13:01:02
Station code: TEST
File name: railway_project_72_20260319_130058_Upendra.pdf
Full file MD5: 6c262cafdd4bb42c36a13895ce0732d7

--------------------------------------------------
Metadata Checksum: 2a1e91abc6c300e58f59bf770f44ae37
Metadata Data string: TEST|32721|2026-03-19 13:02:28|railway_project_72_20260319_130225_Upendra.pdf
Initial file size: 32721 bytes
Final file size: 32721 bytes
Timestamp (IST): 2026-03-19 13:02:28
Station code: TEST
File name: railway_project_72_20260319_130225_Upendra.pdf
Full file MD5: 6c262cafdd4bb42c36a13895ce0732d7

--------------------------------------------------
Metadata Checksum: 39186606eb403fece7fa0eeb0dd8b340
Metadata Data string: TEST|32721|2026-03-19 13:02:31|railway_project_72_20260319_130228_Upendra.pdf
Initial file size: 32721 bytes
Final file size: 32721 bytes
Timestamp (IST): 2026-03-19 13:02:31
Station code: TEST
File name: railway_project_72_20260319_130228_Upendra.pdf
Full file MD5: 6c262cafdd4bb42c36a13895ce0732d7

--------------------------------------------------
Metadata Checksum: f6c12d2c297508077435e07a9fda7c08
Metadata Data string: TEST|32721|2026-03-19 13:04:02|railway_project_72_20260319_130358_Upendra.pdf
Initial file size: 32721 bytes
Final file size: 32721 bytes
Timestamp (IST): 2026-03-19 13:04:02
Station code: TEST
File name: railway_project_72_20260319_130358_Upendra.pdf
Full file MD5: 6c262cafdd4bb42c36a13895ce0732d7

--------------------------------------------------
Metadata Checksum: 1beba9415c30f0624e4b87c1699f71f6
Metadata Data string: TEST|32721|2026-03-19 15:55:01|railway_project_72_20260319_155455_Upendra.pdf
Initial file size: 32721 bytes
Final file size: 32721 bytes
Timestamp (IST): 2026-03-19 15:55:01
Station code: TEST
File name: railway_project_72_20260319_155455_Upendra.pdf
Full file MD5: 6c262cafdd4bb42c36a13895ce0732d7

--------------------------------------------------
Metadata Checksum: f1d592a3fafceabb6d582d824ad7d269
Metadata Data string: TEST|32721|2026-03-19 16:49:45|railway_project_72_20260319_164940_Upendra.pdf
Initial file size: 32721 bytes
Final file size: 32721 bytes
Timestamp (IST): 2026-03-19 16:49:45
Station code: TEST
File name: railway_project_72_20260319_164940_Upendra.pdf
Full file MD5: 6c262cafdd4bb42c36a13895ce0732d7

--------------------------------------------------
Metadata Checksum: a934eab383c3b910e40c79f5cfaf144e
Metadata Data string: TEST|32721|2026-03-19 17:06:42|railway_project_72_20260319_170637_Upendra.pdf
Initial file size: 32721 bytes
Final file size: 32721 bytes
Timestamp (IST): 2026-03-19 17:06:42
Station code: TEST
File name: railway_project_72_20260319_170637_Upendra.pdf
Full file MD5: 6c262cafdd4bb42c36a13895ce0732d7

--------------------------------------------------
Metadata Checksum: 57d2e815d3b29d88bbfb893d1c5def5d
Metadata Data string: TEST|32721|2026-03-19 17:11:48|railway_project_72_20260319_171144_Upendra.pdf
Initial file size: 32721 bytes
Final file size: 32721 bytes
Timestamp (IST): 2026-03-19 17:11:48
Station code: TEST
File name: railway_project_72_20260319_171144_Upendra.pdf
Full file MD5: 6c262cafdd4bb42c36a13895ce0732d7

--------------------------------------------------
Metadata Checksum: 0332d9125715d611e3d99a46fe76e199
Metadata Data string: TEST|32721|2026-03-19 17:15:30|railway_project_72_20260319_171526_Upendra.pdf
Initial file size: 32721 bytes
Final file size: 32721 bytes
Timestamp (IST): 2026-03-19 17:15:30
Station code: TEST
File name: railway_project_72_20260319_171526_Upendra.pdf
Full file MD5: 6c262cafdd4bb42c36a13895ce0732d7

--------------------------------------------------
Metadata Checksum: 6aac3e86ef4157cc1f1638f8bb20e2e5
Metadata Data string: TEST|32721|2026-03-19 18:01:59|railway_project_72_20260319_180152_Upendra.pdf
Initial file size: 32721 bytes
Final file size: 32721 bytes
Timestamp (IST): 2026-03-19 18:01:59
Station code: TEST
File name: railway_project_72_20260319_180152_Upendra.pdf
Full file MD5: 6c262cafdd4bb42c36a13895ce0732d7

--------------------------------------------------
Metadata Checksum: c0327238c7f3a0a16c81df701b9b1fe7
Metadata Data string: TEST|44048|2026-03-19 21:40:58|railway_project_72_20260319_214053_Upendra.pdf
Initial file size: 44048 bytes
Final file size: 44048 bytes
Timestamp (IST): 2026-03-19 21:40:58
Station code: TEST
File name: railway_project_72_20260319_214053_Upendra.pdf
Full file MD5: 00b82877008486a7eec5d37987663fb2

--------------------------------------------------
Metadata Checksum: c0610ce6fc22745cb07d6a5fac287737
Metadata Data string: TEST|44048|2026-03-19 21:45:10|railway_project_72_20260319_214504_Upendra.pdf
Initial file size: 44048 bytes
Final file size: 44048 bytes
Timestamp (IST): 2026-03-19 21:45:10
Station code: TEST
File name: railway_project_72_20260319_214504_Upendra.pdf
Full file MD5: 00b82877008486a7eec5d37987663fb2

--------------------------------------------------
Metadata Checksum: d3570ca2962443771a242f7972bf16d0
Metadata Data string: TEST|44048|2026-03-19 21:49:34|railway_project_72_20260319_214928_Upendra.pdf
Initial file size: 44048 bytes
Final file size: 44048 bytes
Timestamp (IST): 2026-03-19 21:49:34
Station code: TEST
File name: railway_project_72_20260319_214928_Upendra.pdf
Full file MD5: 00b82877008486a7eec5d37987663fb2

--------------------------------------------------
Metadata Checksum: 8c8bd24844b172d8789e98105916e9a8
Metadata Data string: TEST|44048|2026-03-19 21:49:46|railway_project_72_20260319_214941_Upendra.pdf
Initial file size: 44048 bytes
Final file size: 44048 bytes
Timestamp (IST): 2026-03-19 21:49:46
Station code: TEST
File name: railway_project_72_20260319_214941_Upendra.pdf
Full file MD5: 00b82877008486a7eec5d37987663fb2

--------------------------------------------------
Metadata Checksum: e9c7c2ddb205fdd6fbba138751c34bf0
Metadata Data string: TEST|44048|2026-03-19 22:00:34|railway_project_72_20260319_220029_Upendra.pdf
Initial file size: 44048 bytes
Final file size: 44048 bytes
Timestamp (IST): 2026-03-19 22:00:34
Station code: TEST
File name: railway_project_72_20260319_220029_Upendra.pdf
Full file MD5: 00b82877008486a7eec5d37987663fb2

--------------------------------------------------
Metadata Checksum: bb4f9736293ad16b11a5571353fb7ed1
Metadata Data string: TEST|50092|2026-03-20 10:33:55|railway_project_72_20260320_103347_Upendra.pdf
Initial file size: 50092 bytes
Final file size: 50092 bytes
Timestamp (IST): 2026-03-20 10:33:55
Station code: TEST
File name: railway_project_72_20260320_103347_Upendra.pdf
Full file MD5: f10cdd8a79134a33f6174c2245e53877

--------------------------------------------------
Metadata Checksum: f6e6b804c7f217b73b155d95f1f4743d
Metadata Data string: TEST|22942|2026-03-20 10:45:14|railway_project_72_20260320_104510_.pdf
Initial file size: 22942 bytes
Final file size: 22942 bytes
Timestamp (IST): 2026-03-20 10:45:14
Station code: TEST
File name: railway_project_72_20260320_104510_.pdf
Full file MD5: 2db8772ff69fe876ceb30ce236bb95ac

--------------------------------------------------
Metadata Checksum: ea62df448f885831c5849e1b1a2e5b9a
Metadata Data string: TEST|22942|2026-03-20 10:59:32|railway_project_72_20260320_105929_.pdf
Initial file size: 22942 bytes
Final file size: 22942 bytes
Timestamp (IST): 2026-03-20 10:59:32
Station code: TEST
File name: railway_project_72_20260320_105929_.pdf
Full file MD5: 2db8772ff69fe876ceb30ce236bb95ac

--------------------------------------------------
Metadata Checksum: 5baa27a9aa8427bf388fc7e11b366356
Metadata Data string: TEST|22942|2026-03-20 11:03:57|railway_project_72_20260320_110353_.pdf
Initial file size: 22942 bytes
Final file size: 22942 bytes
Timestamp (IST): 2026-03-20 11:03:57
Station code: TEST
File name: railway_project_72_20260320_110353_.pdf
Full file MD5: 2db8772ff69fe876ceb30ce236bb95ac

--------------------------------------------------
Metadata Checksum: 496f95cecdfb29c75bf096ddb2653698
Metadata Data string: TEST|22942|2026-03-20 11:15:18|railway_project_72_20260320_111513_unknown.pdf
Initial file size: 22942 bytes
Final file size: 22942 bytes
Timestamp (IST): 2026-03-20 11:15:18
Station code: TEST
File name: railway_project_72_20260320_111513_unknown.pdf
Full file MD5: 2db8772ff69fe876ceb30ce236bb95ac

--------------------------------------------------
Metadata Checksum: afe41afd795acd27e37256eae5082921
Metadata Data string: TEST|22942|2026-03-20 11:43:43|railway_project_72_20260320_114338_unknown.pdf
Initial file size: 22942 bytes
Final file size: 22942 bytes
Timestamp (IST): 2026-03-20 11:43:43
Station code: TEST
File name: railway_project_72_20260320_114338_unknown.pdf
Full file MD5: 2db8772ff69fe876ceb30ce236bb95ac

--------------------------------------------------
Metadata Checksum: f292529b468ac0909370380cbda125c8
Metadata Data string: TEST|22942|2026-03-20 11:47:48|railway_project_72_20260320_114743_unknown.pdf
Initial file size: 22942 bytes
Final file size: 22942 bytes
Timestamp (IST): 2026-03-20 11:47:48
Station code: TEST
File name: railway_project_72_20260320_114743_unknown.pdf
Full file MD5: 2db8772ff69fe876ceb30ce236bb95ac

--------------------------------------------------
Metadata Checksum: 4684185d99810d4fd2d99867c76e81fa
Metadata Data string: TEST|22942|2026-03-20 11:58:32|railway_project_72_20260320_115829_Upendra.pdf
Initial file size: 22942 bytes
Final file size: 22942 bytes
Timestamp (IST): 2026-03-20 11:58:32
Station code: TEST
File name: railway_project_72_20260320_115829_Upendra.pdf
Full file MD5: 2db8772ff69fe876ceb30ce236bb95ac

--------------------------------------------------
Metadata Checksum: 48d140a7d16228ab56672dd534a3592d
Metadata Data string: TEST|6322|2026-03-20 12:15:48|railway_project_72_20260320_121545_Upendra.pdf
Initial file size: 6322 bytes
Final file size: 6322 bytes
Timestamp (IST): 2026-03-20 12:15:48
Station code: TEST
File name: railway_project_72_20260320_121545_Upendra.pdf
Full file MD5: ee638afdc5098f8a5282a8ef5f4e246a

--------------------------------------------------
Metadata Checksum: 872957ce2892ab99a1c3b9622c4cc26b
Metadata Data string: TEST|6322|2026-03-20 12:16:51|railway_project_72_20260320_121648_Upendra.pdf
Initial file size: 6322 bytes
Final file size: 6322 bytes
Timestamp (IST): 2026-03-20 12:16:51
Station code: TEST
File name: railway_project_72_20260320_121648_Upendra.pdf
Full file MD5: ee638afdc5098f8a5282a8ef5f4e246a

--------------------------------------------------
Metadata Checksum: eb16f6be2ac2112bb0ef34e058f0eb0d
Metadata Data string: TEST|50092|2026-03-20 12:23:06|railway_project_72_20260320_122257__Upendra_.pdf
Initial file size: 50092 bytes
Final file size: 50092 bytes
Timestamp (IST): 2026-03-20 12:23:06
Station code: TEST
File name: railway_project_72_20260320_122257__Upendra_.pdf
Full file MD5: f10cdd8a79134a33f6174c2245e53877

--------------------------------------------------
Metadata Checksum: 7c14180df7ad44ff75b3e586e92c2969
Metadata Data string: TEST|50092|2026-03-20 12:52:34|railway_project_72_20260320_125227__Upendra_.pdf
Initial file size: 50092 bytes
Final file size: 50092 bytes
Timestamp (IST): 2026-03-20 12:52:34
Station code: TEST
File name: railway_project_72_20260320_125227__Upendra_.pdf
Full file MD5: f10cdd8a79134a33f6174c2245e53877

--------------------------------------------------
Metadata Checksum: 8bd3c64ebf0e408466063463d462e893
Metadata Data string: TEST|22942|2026-03-20 15:47:53|railway_project_72_20260320_154746_Upendra.pdf
Initial file size: 22942 bytes
Final file size: 22942 bytes
Timestamp (IST): 2026-03-20 15:47:53
Station code: TEST
File name: railway_project_72_20260320_154746_Upendra.pdf
Full file MD5: 2db8772ff69fe876ceb30ce236bb95ac

--------------------------------------------------
Metadata Checksum: 0210fe98ff69f37dbfc8b9ffecf0cbb6
Metadata Data string: TEST|50092|2026-03-20 16:45:47|railway_project_72_20260320_164540__Upendra_.pdf
Initial file size: 50092 bytes
Final file size: 50092 bytes
Timestamp (IST): 2026-03-20 16:45:47
Station code: TEST
File name: railway_project_72_20260320_164540__Upendra_.pdf
Full file MD5: f10cdd8a79134a33f6174c2245e53877

--------------------------------------------------
Metadata Checksum: 5fb3e6562bf01f1c275a8156aa57dcfe
Metadata Data string: TEST|50092|2026-03-20 16:46:01|railway_project_72_20260320_164555__Upendra_.pdf
Initial file size: 50092 bytes
Final file size: 50092 bytes
Timestamp (IST): 2026-03-20 16:46:01
Station code: TEST
File name: railway_project_72_20260320_164555__Upendra_.pdf
Full file MD5: f10cdd8a79134a33f6174c2245e53877

--------------------------------------------------
Metadata Checksum: e0a00ce35a7043542d90b9efc3465d22
Metadata Data string: TEST|11780|2026-03-20 16:50:19|railway_project_72_20260320_165015_Upendra.pdf
Initial file size: 11780 bytes
Final file size: 11780 bytes
Timestamp (IST): 2026-03-20 16:50:19
Station code: TEST
File name: railway_project_72_20260320_165015_Upendra.pdf
Full file MD5: ac2dce2c85570334c4b8a3f3bb282bee

--------------------------------------------------
Metadata Checksum: 5370711547742d96c8b22102cd33f3d4
Metadata Data string: TEST|50092|2026-03-21 11:57:20|railway_project_72_20260321_115711__Upendra_.pdf
Initial file size: 50092 bytes
Final file size: 50092 bytes
Timestamp (IST): 2026-03-21 11:57:20
Station code: TEST
File name: railway_project_72_20260321_115711__Upendra_.pdf
Full file MD5: f10cdd8a79134a33f6174c2245e53877

--------------------------------------------------
Metadata Checksum: 4ad40324c20c80ea777679916a6b3744
Metadata Data string: TEST|50092|2026-03-21 11:58:39|railway_project_72_20260321_115834__Upendra_.pdf
Initial file size: 50092 bytes
Final file size: 50092 bytes
Timestamp (IST): 2026-03-21 11:58:39
Station code: TEST
File name: railway_project_72_20260321_115834__Upendra_.pdf
Full file MD5: f10cdd8a79134a33f6174c2245e53877

--------------------------------------------------
Metadata Checksum: deb1f2cb893091f42780b956b9241151
Metadata Data string: TEST|22942|2026-03-21 12:00:12|railway_project_72_20260321_120008_Upendra.pdf
Initial file size: 22942 bytes
Final file size: 22942 bytes
Timestamp (IST): 2026-03-21 12:00:12
Station code: TEST
File name: railway_project_72_20260321_120008_Upendra.pdf
Full file MD5: 2db8772ff69fe876ceb30ce236bb95ac

--------------------------------------------------
Metadata Checksum: 09051792efb26cbde7b709e256a14678
Metadata Data string: TEST|22942|2026-03-21 12:17:58|railway_project_72_20260321_121755_Upendra.pdf
Initial file size: 22942 bytes
Final file size: 22942 bytes
Timestamp (IST): 2026-03-21 12:17:58
Station code: TEST
File name: railway_project_72_20260321_121755_Upendra.pdf
Full file MD5: 2db8772ff69fe876ceb30ce236bb95ac

--------------------------------------------------
Metadata Checksum: 49c05573639c22822456bbe7f8829cc5
Metadata Data string: TEST|22942|2026-03-21 13:01:53|PROJECT_72_Upendra_JUNCTION_2_AC_BOX_2_F_20260321_130149.xlsx
Initial file size: 22942 bytes
Final file size: 22942 bytes
Timestamp (IST): 2026-03-21 13:01:53
Station code: TEST
File name: PROJECT_72_Upendra_JUNCTION_2_AC_BOX_2_F_20260321_130149.xlsx
Full file MD5: 2db8772ff69fe876ceb30ce236bb95ac

--------------------------------------------------
Metadata Checksum: 20147cad56a25bde979bc3bbaf4adda4
Metadata Data string: TEST|22942|2026-03-21 13:06:50|PROJECT_72_Upendra_JUNCTION_2_AC_BOX_2_F_20260321_130645.xlsx
Initial file size: 22942 bytes
Final file size: 22942 bytes
Timestamp (IST): 2026-03-21 13:06:50
Station code: TEST
File name: PROJECT_72_Upendra_JUNCTION_2_AC_BOX_2_F_20260321_130645.xlsx
Full file MD5: 2db8772ff69fe876ceb30ce236bb95ac

--------------------------------------------------
Metadata Checksum: f49beacdf1b586d47569b1a6f1897241
Metadata Data string: TEST|22942|2026-03-21 13:29:18|PROJECT_72_Upendra_JUNCTION_2_AC_BOX_2_F_20260321_132914.xlsx
Initial file size: 22942 bytes
Final file size: 22942 bytes
Timestamp (IST): 2026-03-21 13:29:18
Station code: TEST
File name: PROJECT_72_Upendra_JUNCTION_2_AC_BOX_2_F_20260321_132914.xlsx
Full file MD5: 2db8772ff69fe876ceb30ce236bb95ac

--------------------------------------------------
Metadata Checksum: 835ddc2c569081e3c787e2e9ba3bb98d
Metadata Data string: TEST|22942|2026-03-21 14:06:50|PROJECT_72_Upendra_JUNCTION_2_AC_BOX_2_F_20260321_140646.xlsx
Initial file size: 22942 bytes
Final file size: 22942 bytes
Timestamp (IST): 2026-03-21 14:06:50
Station code: TEST
File name: PROJECT_72_Upendra_JUNCTION_2_AC_BOX_2_F_20260321_140646.xlsx
Full file MD5: 2db8772ff69fe876ceb30ce236bb95ac

--------------------------------------------------
Metadata Checksum: a1828afe8559df08f8669aef86090d80
Metadata Data string: TEST|22942|2026-03-21 14:14:02|PROJECT_72_Upendra_JUNCTION_2_AC_BOX_2_F_20260321_141358.xlsx
Initial file size: 22942 bytes
Final file size: 22942 bytes
Timestamp (IST): 2026-03-21 14:14:02
Station code: TEST
File name: PROJECT_72_Upendra_JUNCTION_2_AC_BOX_2_F_20260321_141358.xlsx
Full file MD5: 2db8772ff69fe876ceb30ce236bb95ac

--------------------------------------------------
Metadata Checksum: a086241078c35ff799cd0a438f271784
Metadata Data string: TEST|22942|2026-03-21 14:19:01|PROJECT_72_Upendra_JUNCTION_2_AC_BOX_2_F_20260321_141857.pdf
Initial file size: 22942 bytes
Final file size: 22942 bytes
Timestamp (IST): 2026-03-21 14:19:01
Station code: TEST
File name: PROJECT_72_Upendra_JUNCTION_2_AC_BOX_2_F_20260321_141857.pdf
Full file MD5: 2db8772ff69fe876ceb30ce236bb95ac

--------------------------------------------------
Metadata Checksum: 1db956c0c72bfd90bf12adc41a08a8ae
Metadata Data string: TEST|22942|2026-03-21 14:40:45|PROJECT_72_Upendra_JUNCTION_2_AC_BOX_2_F_20260321_144041.pdf
Initial file size: 22942 bytes
Final file size: 22942 bytes
Timestamp (IST): 2026-03-21 14:40:45
Station code: TEST
File name: PROJECT_72_Upendra_JUNCTION_2_AC_BOX_2_F_20260321_144041.pdf
Full file MD5: 2db8772ff69fe876ceb30ce236bb95ac

--------------------------------------------------
Metadata Checksum: 81ed72c58230a8d9ae74cf1daa9c733d
Metadata Data string: TEST|6322|2026-03-21 14:42:29|PROJECT_72_Upendra_JUNCTION_4_AC_box_4_F_20260321_144226.pdf
Initial file size: 6322 bytes
Final file size: 6322 bytes
Timestamp (IST): 2026-03-21 14:42:29
Station code: TEST
File name: PROJECT_72_Upendra_JUNCTION_4_AC_box_4_F_20260321_144226.pdf
Full file MD5: ee638afdc5098f8a5282a8ef5f4e246a

--------------------------------------------------
Metadata Checksum: 00c6231fcdaed606f9358a9d43de12ce
Metadata Data string: TEST|22942|2026-03-21 16:30:14|PROJECT_72_Upendra_JUNCTION_2_AC_BOX_2_F_20260321_163006.pdf
Initial file size: 22942 bytes
Final file size: 22942 bytes
Timestamp (IST): 2026-03-21 16:30:14
Station code: TEST
File name: PROJECT_72_Upendra_JUNCTION_2_AC_BOX_2_F_20260321_163006.pdf
Full file MD5: 2db8772ff69fe876ceb30ce236bb95ac

--------------------------------------------------
Metadata Checksum: f03aa88ff7913a2b15054ed20a52d8b3
Metadata Data string: TEST|22942|2026-03-21 16:37:17|PROJECT_72_Upendra_JUNCTION_2_AC_BOX_2_F_20260321_163713.pdf
Initial file size: 22942 bytes
Final file size: 22942 bytes
Timestamp (IST): 2026-03-21 16:37:17
Station code: TEST
File name: PROJECT_72_Upendra_JUNCTION_2_AC_BOX_2_F_20260321_163713.pdf
Full file MD5: 2db8772ff69fe876ceb30ce236bb95ac

--------------------------------------------------
Metadata Checksum: fbd348f560901196f13026afc8306d81
Metadata Data string: TEST|22942|2026-03-21 16:44:13|PROJECT_72_Upendra_JUNCTION_2_AC_BOX_2_F_20260321_164408.pdf
Initial file size: 22942 bytes
Final file size: 22942 bytes
Timestamp (IST): 2026-03-21 16:44:13
Station code: TEST
File name: PROJECT_72_Upendra_JUNCTION_2_AC_BOX_2_F_20260321_164408.pdf
Full file MD5: 2db8772ff69fe876ceb30ce236bb95ac

--------------------------------------------------
Metadata Checksum: caf254c3b083f771286ba7154356981d
Metadata Data string: TEST|11780|2026-03-21 17:17:30|PROJECT_72_Upendra_JUNCTION_3_AC_BOX_3_F_20260321_171724.pdf
Initial file size: 11780 bytes
Final file size: 11780 bytes
Timestamp (IST): 2026-03-21 17:17:30
Station code: TEST
File name: PROJECT_72_Upendra_JUNCTION_3_AC_BOX_3_F_20260321_171724.pdf
Full file MD5: ac2dce2c85570334c4b8a3f3bb282bee

--------------------------------------------------
Metadata Checksum: 0ac2ae683586b1dd7bb39112834caa7a
Metadata Data string: KHED|0|2026-04-24 17:53:06|PROJECT_202_Saltriver_JUNCTION_1_AC_BOX_1304_F_20260424_175253.pdf
Initial file size: 0 bytes
Final file size: 0 bytes
Timestamp (IST): 2026-04-24 17:53:06
Station code: KHED
File name: PROJECT_202_Saltriver_JUNCTION_1_AC_BOX_1304_F_20260424_175253.pdf
Full file MD5: d41d8cd98f00b204e9800998ecf8427e

--------------------------------------------------
Metadata Checksum: 2d965a244f40b8c8c03701ae0ef0573f
Metadata Data string: KHED|0|2026-04-24 17:53:11|PROJECT_202_Saltriver_JUNCTION_1_AC_BOX_1304_F_20260424_175307.pdf
Initial file size: 0 bytes
Final file size: 0 bytes
Timestamp (IST): 2026-04-24 17:53:11
Station code: KHED
File name: PROJECT_202_Saltriver_JUNCTION_1_AC_BOX_1304_F_20260424_175307.pdf
Full file MD5: d41d8cd98f00b204e9800998ecf8427e

--------------------------------------------------
Metadata Checksum: cccb12515d8b2a2766881c5dfb9318a7
Metadata Data string: KHED|0|2026-04-24 17:53:14|PROJECT_202_Saltriver_JUNCTION_1_AC_BOX_1304_F_20260424_175311.pdf
Initial file size: 0 bytes
Final file size: 0 bytes
Timestamp (IST): 2026-04-24 17:53:14
Station code: KHED
File name: PROJECT_202_Saltriver_JUNCTION_1_AC_BOX_1304_F_20260424_175311.pdf
Full file MD5: d41d8cd98f00b204e9800998ecf8427e

--------------------------------------------------
Metadata Checksum: 1d74ae4991afb8c45f1da3263ed537c9
Metadata Data string: KHED|125136|2026-04-25 11:49:31|railway_project_202_Saltriver_20260425_114923.pdf
Initial file size: 125136 bytes
Final file size: 125136 bytes
Timestamp (IST): 2026-04-25 11:49:31
Station code: KHED
File name: railway_project_202_Saltriver_20260425_114923.pdf
Full file MD5: e112b79cbba7406cadf183fbade07ad4

--------------------------------------------------
Metadata Checksum: 63e96f22ae406534d0ce695233620fa3
Metadata Data string: KHED|20474|2026-04-25 11:51:17|PROJECT_202_Saltriver_JUNCTION_4_Test_20260425_115115.pdf
Initial file size: 20474 bytes
Final file size: 20474 bytes
Timestamp (IST): 2026-04-25 11:51:17
Station code: KHED
File name: PROJECT_202_Saltriver_JUNCTION_4_Test_20260425_115115.pdf
Full file MD5: 78c797550d21eb131b5475d86c55aa0e

--------------------------------------------------
Metadata Checksum: c7ea5c6fa48d27ed2c39d205053f985c
Metadata Data string: KHED|13628|2026-04-25 12:51:35|PROJECT_202_Saltriver_JUNCTION_5_Railway_20260425_125132.pdf
Initial file size: 13628 bytes
Final file size: 13628 bytes
Timestamp (IST): 2026-04-25 12:51:35
Station code: KHED
File name: PROJECT_202_Saltriver_JUNCTION_5_Railway_20260425_125132.pdf
Full file MD5: 7114add27b21f5c4eaae592a8ab20455

--------------------------------------------------
Metadata Checksum: 55afecbe5ede75be7475be3f92628bcc
Metadata Data string: KHED|20401|2026-04-25 12:53:55|PROJECT_202_Saltriver_JUNCTION_4_Test_20260425_125352.pdf
Initial file size: 20401 bytes
Final file size: 20401 bytes
Timestamp (IST): 2026-04-25 12:53:55
Station code: KHED
File name: PROJECT_202_Saltriver_JUNCTION_4_Test_20260425_125352.pdf
Full file MD5: 3170f269bc071b71eef7152849d1d85d

--------------------------------------------------
Metadata Checksum: c1b4e7f2f500ebc2edb87f67649c02f1
Metadata Data string: KHED|23616|2026-04-25 13:45:31|PROJECT_202_Saltriver_JUNCTION_4_Test_20260425_134522.pdf
Initial file size: 23616 bytes
Final file size: 23616 bytes
Timestamp (IST): 2026-04-25 13:45:31
Station code: KHED
File name: PROJECT_202_Saltriver_JUNCTION_4_Test_20260425_134522.pdf
Full file MD5: d5d9036b72d83fe610555b65e95936bb

--------------------------------------------------
Metadata Checksum: 570b2385235f98c955555229eb842fea
Metadata Data string: KHED|27956|2026-04-25 14:23:14|PROJECT_202_Saltriver_JUNCTION_4_Test_20260425_142311.pdf
Initial file size: 27956 bytes
Final file size: 27956 bytes
Timestamp (IST): 2026-04-25 14:23:14
Station code: KHED
File name: PROJECT_202_Saltriver_JUNCTION_4_Test_20260425_142311.pdf
Full file MD5: 1def863b6873a6fba2576d6566f3e96a

--------------------------------------------------
Metadata Checksum: 85a692ffbf80cf482b02a9f7b0f98025
Metadata Data string: KHED|27956|2026-04-25 14:38:40|PROJECT_202_Saltriver_JUNCTION_4_Test_20260425_143831.pdf
Initial file size: 27956 bytes
Final file size: 27956 bytes
Timestamp (IST): 2026-04-25 14:38:40
Station code: KHED
File name: PROJECT_202_Saltriver_JUNCTION_4_Test_20260425_143831.pdf
Full file MD5: 1def863b6873a6fba2576d6566f3e96a

--------------------------------------------------
Metadata Checksum: 8a1ffe3ca76179455c24af2565885db1
Metadata Data string: SID|486037|2026-04-25 16:25:58|railway_project_14_SIDDHPUR_20260425_162523.pdf
Initial file size: 486037 bytes
Final file size: 486037 bytes
Timestamp (IST): 2026-04-25 16:25:58
Station code: SID
File name: railway_project_14_SIDDHPUR_20260425_162523.pdf
Full file MD5: aee0f3400c4841818454e3d0ca4e7a2f

--------------------------------------------------
Metadata Checksum: bb93a53b7c56f632e322815ff6b2e65e
Metadata Data string: SID|486037|2026-04-25 16:26:13|railway_project_14_SIDDHPUR_20260425_162547.pdf
Initial file size: 486037 bytes
Final file size: 486037 bytes
Timestamp (IST): 2026-04-25 16:26:13
Station code: SID
File name: railway_project_14_SIDDHPUR_20260425_162547.pdf
Full file MD5: aee0f3400c4841818454e3d0ca4e7a2f

--------------------------------------------------
Metadata Checksum: a78b21908c61d70358853e733dca77a4
Metadata Data string: KHED|27956|2026-04-25 17:05:01|PROJECT_202_Saltriver_JUNCTION_4_Test_20260425_170459.pdf
Initial file size: 27956 bytes
Final file size: 27956 bytes
Timestamp (IST): 2026-04-25 17:05:01
Station code: KHED
File name: PROJECT_202_Saltriver_JUNCTION_4_Test_20260425_170459.pdf
Full file MD5: 1def863b6873a6fba2576d6566f3e96a

--------------------------------------------------
Metadata Checksum: 3268e56c967d38e50dca30d077edb033
Metadata Data string: KHED|27956|2026-04-27 10:36:23|PROJECT_202_Saltriver_JUNCTION_4_Test_20260427_103607.pdf
Initial file size: 27956 bytes
Final file size: 27956 bytes
Timestamp (IST): 2026-04-27 10:36:23
Station code: KHED
File name: PROJECT_202_Saltriver_JUNCTION_4_Test_20260427_103607.pdf
Full file MD5: 1def863b6873a6fba2576d6566f3e96a

--------------------------------------------------
Metadata Checksum: cf619497bad12edadebb99773b622416
Metadata Data string: KHED|97393|2026-04-27 11:05:58|PROJECT_202_Saltriver_JUNCTION_2_AC_BOX_NO.1_F_20260427_110550.pdf
Initial file size: 97393 bytes
Final file size: 97393 bytes
Timestamp (IST): 2026-04-27 11:05:58
Station code: KHED
File name: PROJECT_202_Saltriver_JUNCTION_2_AC_BOX_NO.1_F_20260427_110550.pdf
Full file MD5: d67649a3989d8f74171effc01d11d566

--------------------------------------------------
Metadata Checksum: 3ff4ee367f14ae94fe7cfd2386602614
Metadata Data string: KHED|2098|2026-04-28 14:42:11|PROJECT_202_Saltriver_JUNCTION_5_Railway_20260428_144206.pdf
Initial file size: 2098 bytes
Final file size: 2098 bytes
Timestamp (IST): 2026-04-28 14:42:11
Station code: KHED
File name: PROJECT_202_Saltriver_JUNCTION_5_Railway_20260428_144206.pdf
Full file MD5: 92b85f212b25c6d62c900c85c6494f79

--------------------------------------------------
Metadata Checksum: 90d0b3d6551c7c48b0113207b5e22cda
Metadata Data string: KHED|2098|2026-04-28 14:42:14|PROJECT_202_Saltriver_JUNCTION_5_Railway_20260428_144212.pdf
Initial file size: 2098 bytes
Final file size: 2098 bytes
Timestamp (IST): 2026-04-28 14:42:14
Station code: KHED
File name: PROJECT_202_Saltriver_JUNCTION_5_Railway_20260428_144212.pdf
Full file MD5: 92b85f212b25c6d62c900c85c6494f79

--------------------------------------------------
Metadata Checksum: b9027095ea84bb527f2f24396ea8b2f7
Metadata Data string: KHED|19215|2026-04-28 15:29:23|PROJECT_202_Saltriver_JUNCTION_6_AC_1_20260428_152920.pdf
Initial file size: 19215 bytes
Final file size: 19215 bytes
Timestamp (IST): 2026-04-28 15:29:23
Station code: KHED
File name: PROJECT_202_Saltriver_JUNCTION_6_AC_1_20260428_152920.pdf
Full file MD5: 129f578507e18af87065c7125e85146f

--------------------------------------------------
Metadata Checksum: 953488b3f031d9f2d8a57f83792ebf1d
Metadata Data string: KHED|110723|2026-04-28 15:34:34|railway_project_202_Saltriver_20260428_153426.pdf
Initial file size: 110723 bytes
Final file size: 110723 bytes
Timestamp (IST): 2026-04-28 15:34:34
Station code: KHED
File name: railway_project_202_Saltriver_20260428_153426.pdf
Full file MD5: a269eb317f545598e0f46259c7406fb9

--------------------------------------------------
Metadata Checksum: e35762923a235420ad6e5fc42465102b
Metadata Data string: KHED|42762|2026-04-28 16:45:33|PROJECT_202_Saltriver_JUNCTION_6_AC_1_20260428_164529.pdf
Initial file size: 42762 bytes
Final file size: 42762 bytes
Timestamp (IST): 2026-04-28 16:45:33
Station code: KHED
File name: PROJECT_202_Saltriver_JUNCTION_6_AC_1_20260428_164529.pdf
Full file MD5: e8de361facb207580ac6dbee10603729

--------------------------------------------------
Metadata Checksum: 934186c60badc27b5e86ce9b1376fab7
Metadata Data string: KHED|42762|2026-04-28 16:50:39|PROJECT_202_Saltriver_JUNCTION_6_AC_1_20260428_165036.pdf
Initial file size: 42762 bytes
Final file size: 42762 bytes
Timestamp (IST): 2026-04-28 16:50:39
Station code: KHED
File name: PROJECT_202_Saltriver_JUNCTION_6_AC_1_20260428_165036.pdf
Full file MD5: c85f301b0fc5c40e7651f24ed58caf07

--------------------------------------------------
Metadata Checksum: ebf30b6eecd02b17989bd31d26651ae9
Metadata Data string: KHED|42717|2026-04-28 16:51:43|PROJECT_202_Saltriver_JUNCTION_6_AC_1_20260428_165139.pdf
Initial file size: 42717 bytes
Final file size: 42717 bytes
Timestamp (IST): 2026-04-28 16:51:43
Station code: KHED
File name: PROJECT_202_Saltriver_JUNCTION_6_AC_1_20260428_165139.pdf
Full file MD5: 3c79cbe9809ff6974937ab1cf7a3e848

--------------------------------------------------
Metadata Checksum: 86370bfaddecabcc8e16532c403ef239
Metadata Data string: KHED|19709|2026-04-28 16:52:51|PROJECT_202_Saltriver_JUNCTION_6_AC_1_20260428_165248.pdf
Initial file size: 19709 bytes
Final file size: 19709 bytes
Timestamp (IST): 2026-04-28 16:52:51
Station code: KHED
File name: PROJECT_202_Saltriver_JUNCTION_6_AC_1_20260428_165248.pdf
Full file MD5: 240c9098a32fa9b42f930f9fa5fd86fb

--------------------------------------------------
Metadata Checksum: 36bbde52f89a8bd881d96661850c6afc
Metadata Data string: KHED|19647|2026-04-28 16:54:04|PROJECT_202_Saltriver_JUNCTION_6_AC_1_20260428_165400.pdf
Initial file size: 19647 bytes
Final file size: 19647 bytes
Timestamp (IST): 2026-04-28 16:54:04
Station code: KHED
File name: PROJECT_202_Saltriver_JUNCTION_6_AC_1_20260428_165400.pdf
Full file MD5: bea22e63a7c416563badcaa1058aa219

--------------------------------------------------
Metadata Checksum: 61117c6e58959c8ed983faf011758fe2
Metadata Data string: KHED|19647|2026-04-28 16:54:07|PROJECT_202_Saltriver_JUNCTION_6_AC_1_20260428_165404.pdf
Initial file size: 19647 bytes
Final file size: 19647 bytes
Timestamp (IST): 2026-04-28 16:54:07
Station code: KHED
File name: PROJECT_202_Saltriver_JUNCTION_6_AC_1_20260428_165404.pdf
Full file MD5: bea22e63a7c416563badcaa1058aa219

--------------------------------------------------
Metadata Checksum: 132624219d4de577b7dc5c4661634859
Metadata Data string: KHED|43101|2026-04-28 17:46:34|PROJECT_202_Saltriver_JUNCTION_6_AC_1_20260428_174630.pdf
Initial file size: 43101 bytes
Final file size: 43101 bytes
Timestamp (IST): 2026-04-28 17:46:34
Station code: KHED
File name: PROJECT_202_Saltriver_JUNCTION_6_AC_1_20260428_174630.pdf
Full file MD5: a108fa7e8c7fb21ee76198c02e72ae11

--------------------------------------------------
Metadata Checksum: 36edc30238c263befcdc18f12ba794ad
Metadata Data string: KHED|43234|2026-04-28 17:49:28|PROJECT_202_Saltriver_JUNCTION_6_AC_1_20260428_174924.pdf
Initial file size: 43234 bytes
Final file size: 43234 bytes
Timestamp (IST): 2026-04-28 17:49:28
Station code: KHED
File name: PROJECT_202_Saltriver_JUNCTION_6_AC_1_20260428_174924.pdf
Full file MD5: a674aae31def36b21f6d2996eec37070

--------------------------------------------------
Metadata Checksum: 5883b8e236992ec05628e44255a11d1b
Metadata Data string: KHED|43234|2026-04-28 17:54:28|PROJECT_202_Saltriver_JUNCTION_6_AC_1_20260428_175423.pdf
Initial file size: 43234 bytes
Final file size: 43234 bytes
Timestamp (IST): 2026-04-28 17:54:28
Station code: KHED
File name: PROJECT_202_Saltriver_JUNCTION_6_AC_1_20260428_175423.pdf
Full file MD5: a674aae31def36b21f6d2996eec37070

--------------------------------------------------
Metadata Checksum: b93fb128e8d7e479807b79cbac708b49
Metadata Data string: KHED|43206|2026-04-28 18:03:52|PROJECT_202_Saltriver_JUNCTION_6_AC_1_20260428_180348.pdf
Initial file size: 43206 bytes
Final file size: 43206 bytes
Timestamp (IST): 2026-04-28 18:03:52
Station code: KHED
File name: PROJECT_202_Saltriver_JUNCTION_6_AC_1_20260428_180348.pdf
Full file MD5: 783ec2a4092c6441252dae5332a7bb98

--------------------------------------------------
Metadata Checksum: 14babe06f511065a00187b91ef14c7bc
Metadata Data string: KHED|43244|2026-04-28 18:06:01|PROJECT_202_Saltriver_JUNCTION_6_AC_1_20260428_180557.pdf
Initial file size: 43244 bytes
Final file size: 43244 bytes
Timestamp (IST): 2026-04-28 18:06:01
Station code: KHED
File name: PROJECT_202_Saltriver_JUNCTION_6_AC_1_20260428_180557.pdf
Full file MD5: 905d3000fbe93c22862300e25bd0e21f

--------------------------------------------------
Metadata Checksum: ce812cbd081ef6b04cc5e2ea6fc42583
Metadata Data string: KHED|43244|2026-04-28 18:06:41|PROJECT_202_Saltriver_JUNCTION_6_AC_1_20260428_180637.pdf
Initial file size: 43244 bytes
Final file size: 43244 bytes
Timestamp (IST): 2026-04-28 18:06:41
Station code: KHED
File name: PROJECT_202_Saltriver_JUNCTION_6_AC_1_20260428_180637.pdf
Full file MD5: 905d3000fbe93c22862300e25bd0e21f

--------------------------------------------------
Metadata Checksum: 11c930f0108b4fc92308e94309de0895
Metadata Data string: KHED|43246|2026-04-28 18:07:40|PROJECT_202_Saltriver_JUNCTION_6_AC_1_20260428_180736.pdf
Initial file size: 43246 bytes
Final file size: 43246 bytes
Timestamp (IST): 2026-04-28 18:07:40
Station code: KHED
File name: PROJECT_202_Saltriver_JUNCTION_6_AC_1_20260428_180736.pdf
Full file MD5: 4fa8be55d85f2230742a3efb82094a13

--------------------------------------------------
Metadata Checksum: 058706a73822b05bd673296ff34b4a1c
Metadata Data string: KHED|43246|2026-04-28 18:08:22|PROJECT_202_Saltriver_JUNCTION_6_AC_1_20260428_180817.pdf
Initial file size: 43246 bytes
Final file size: 43246 bytes
Timestamp (IST): 2026-04-28 18:08:22
Station code: KHED
File name: PROJECT_202_Saltriver_JUNCTION_6_AC_1_20260428_180817.pdf
Full file MD5: 4fa8be55d85f2230742a3efb82094a13

--------------------------------------------------
Metadata Checksum: fda73f5e0f21b2f26b81832371773454
Metadata Data string: KHED|43248|2026-04-28 18:09:55|PROJECT_202_Saltriver_JUNCTION_6_AC_1_20260428_180951.pdf
Initial file size: 43248 bytes
Final file size: 43248 bytes
Timestamp (IST): 2026-04-28 18:09:55
Station code: KHED
File name: PROJECT_202_Saltriver_JUNCTION_6_AC_1_20260428_180951.pdf
Full file MD5: 60550b0ff1d78b6a828c8af736e6ddc3

--------------------------------------------------
Metadata Checksum: d878f3d9b6360908ce4626a8c617504b
Metadata Data string: KHED|43236|2026-04-28 18:12:24|PROJECT_202_Saltriver_JUNCTION_6_AC_1_20260428_181220.pdf
Initial file size: 43236 bytes
Final file size: 43236 bytes
Timestamp (IST): 2026-04-28 18:12:24
Station code: KHED
File name: PROJECT_202_Saltriver_JUNCTION_6_AC_1_20260428_181220.pdf
Full file MD5: c9d60dcf97913ceeba8aa8d757d34753

--------------------------------------------------
Metadata Checksum: 4a1a907bc372c0461127a995d8cf6078
Metadata Data string: KHED|43236|2026-04-28 18:15:32|PROJECT_202_Saltriver_JUNCTION_6_AC_1_20260428_181528.pdf
Initial file size: 43236 bytes
Final file size: 43236 bytes
Timestamp (IST): 2026-04-28 18:15:32
Station code: KHED
File name: PROJECT_202_Saltriver_JUNCTION_6_AC_1_20260428_181528.pdf
Full file MD5: c9d60dcf97913ceeba8aa8d757d34753

--------------------------------------------------
Metadata Checksum: 795bf5ebf0c0d0aaab7df7f86ed9cad9
Metadata Data string: KHED|43233|2026-04-28 18:17:25|PROJECT_202_Saltriver_JUNCTION_6_AC_1_20260428_181720.pdf
Initial file size: 43233 bytes
Final file size: 43233 bytes
Timestamp (IST): 2026-04-28 18:17:25
Station code: KHED
File name: PROJECT_202_Saltriver_JUNCTION_6_AC_1_20260428_181720.pdf
Full file MD5: c681896200a8b7c11ca505e3abd2f75d

--------------------------------------------------
Metadata Checksum: 6d5661c7ef84baad445d7d4b26abfd87
Metadata Data string: KHED|43245|2026-04-28 18:21:11|PROJECT_202_Saltriver_JUNCTION_6_AC_1_20260428_182106.pdf
Initial file size: 43245 bytes
Final file size: 43245 bytes
Timestamp (IST): 2026-04-28 18:21:11
Station code: KHED
File name: PROJECT_202_Saltriver_JUNCTION_6_AC_1_20260428_182106.pdf
Full file MD5: ce3e448fe9f1fb9fb14f758a499e6e64

--------------------------------------------------
Metadata Checksum: 3a15045081ac6ea9db16389f1fc3a961
Metadata Data string: KHED|43245|2026-04-28 18:21:12|PROJECT_202_Saltriver_JUNCTION_6_AC_1_20260428_182108.pdf
Initial file size: 43245 bytes
Final file size: 43245 bytes
Timestamp (IST): 2026-04-28 18:21:12
Station code: KHED
File name: PROJECT_202_Saltriver_JUNCTION_6_AC_1_20260428_182108.pdf
Full file MD5: ce3e448fe9f1fb9fb14f758a499e6e64

--------------------------------------------------
Metadata Checksum: 642090a53f45d5390c97ffe5330a438e
Metadata Data string: KHED|43245|2026-04-28 18:23:12|PROJECT_202_Saltriver_JUNCTION_6_AC_1_20260428_182308.pdf
Initial file size: 43245 bytes
Final file size: 43245 bytes
Timestamp (IST): 2026-04-28 18:23:12
Station code: KHED
File name: PROJECT_202_Saltriver_JUNCTION_6_AC_1_20260428_182308.pdf
Full file MD5: ce3e448fe9f1fb9fb14f758a499e6e64

--------------------------------------------------
Metadata Checksum: 3ac4618bb50ac1cb0aa13d982647ed35
Metadata Data string: KHED|43245|2026-04-29 11:08:17|PROJECT_202_Saltriver_JUNCTION_6_AC_1_20260429_110808.pdf
Initial file size: 43245 bytes
Final file size: 43245 bytes
Timestamp (IST): 2026-04-29 11:08:17
Station code: KHED
File name: PROJECT_202_Saltriver_JUNCTION_6_AC_1_20260429_110808.pdf
Full file MD5: ce3e448fe9f1fb9fb14f758a499e6e64

--------------------------------------------------
Metadata Checksum: b1447ac6a1a77950bea02be88a7f5650
Metadata Data string: KHED|43248|2026-04-29 11:10:10|PROJECT_202_Saltriver_JUNCTION_6_AC_1_20260429_111006.pdf
Initial file size: 43248 bytes
Final file size: 43248 bytes
Timestamp (IST): 2026-04-29 11:10:10
Station code: KHED
File name: PROJECT_202_Saltriver_JUNCTION_6_AC_1_20260429_111006.pdf
Full file MD5: 9ab402235fc7af9b1ee91c6a3b3c9bbb

--------------------------------------------------
Metadata Checksum: 41154434fb0a65b6af40e998ac40dae4
Metadata Data string: KHED|43245|2026-04-29 11:11:19|PROJECT_202_Saltriver_JUNCTION_6_AC_1_20260429_111116.pdf
Initial file size: 43245 bytes
Final file size: 43245 bytes
Timestamp (IST): 2026-04-29 11:11:19
Station code: KHED
File name: PROJECT_202_Saltriver_JUNCTION_6_AC_1_20260429_111116.pdf
Full file MD5: ce3e448fe9f1fb9fb14f758a499e6e64

--------------------------------------------------
Metadata Checksum: 0dce58302dd790fb9faa005a2f2f8e5c
Metadata Data string: KHED|43245|2026-04-29 11:12:38|PROJECT_202_Saltriver_JUNCTION_6_AC_1_20260429_111235.pdf
Initial file size: 43245 bytes
Final file size: 43245 bytes
Timestamp (IST): 2026-04-29 11:12:38
Station code: KHED
File name: PROJECT_202_Saltriver_JUNCTION_6_AC_1_20260429_111235.pdf
Full file MD5: ce3e448fe9f1fb9fb14f758a499e6e64

--------------------------------------------------
Metadata Checksum: 5b7e8005c94e095a124117ea23eec124
Metadata Data string: KHED|90006|2026-04-29 12:07:05|PROJECT_202_Saltriver_JUNCTION_2_JB_10_20260429_120644.pdf
Initial file size: 90006 bytes
Final file size: 90006 bytes
Timestamp (IST): 2026-04-29 12:07:05
Station code: KHED
File name: PROJECT_202_Saltriver_JUNCTION_2_JB_10_20260429_120644.pdf
Full file MD5: 21d0fa115ce91caefca803f24276936b

--------------------------------------------------
Metadata Checksum: 93efe8843945cd3606f40a5c17296e8b
Metadata Data string: KHED|89246|2026-04-29 12:07:15|PROJECT_202_Saltriver_JUNCTION_2_JB_10_20260429_120706.pdf
Initial file size: 89246 bytes
Final file size: 89246 bytes
Timestamp (IST): 2026-04-29 12:07:15
Station code: KHED
File name: PROJECT_202_Saltriver_JUNCTION_2_JB_10_20260429_120706.pdf
Full file MD5: 3f7db9127b8a8a993ed903fd93bafabc

--------------------------------------------------
Metadata Checksum: 1946e5ac9d476186dc3e5ce82bdaffeb
Metadata Data string: KHED|89246|2026-04-29 12:07:24|PROJECT_202_Saltriver_JUNCTION_2_JB_10_20260429_120715.pdf
Initial file size: 89246 bytes
Final file size: 89246 bytes
Timestamp (IST): 2026-04-29 12:07:24
Station code: KHED
File name: PROJECT_202_Saltriver_JUNCTION_2_JB_10_20260429_120715.pdf
Full file MD5: 3f7db9127b8a8a993ed903fd93bafabc

--------------------------------------------------
Metadata Checksum: 720da8e6a0a361da49777a256d3d9c05
Metadata Data string: KHED|0|2026-04-29 14:20:45|PROJECT_202_Saltriver_JUNCTION_5_Railway_20260429_142043.pdf
Initial file size: 0 bytes
Final file size: 0 bytes
Timestamp (IST): 2026-04-29 14:20:45
Station code: KHED
File name: PROJECT_202_Saltriver_JUNCTION_5_Railway_20260429_142043.pdf
Full file MD5: d41d8cd98f00b204e9800998ecf8427e

--------------------------------------------------
Metadata Checksum: d9618366116e4f2543b4fe9e46ca158c
Metadata Data string: KHED|27134|2026-04-29 15:34:30|PROJECT_202_Saltriver_JUNCTION_6_AC_1_20260429_153427.pdf
Initial file size: 27134 bytes
Final file size: 27134 bytes
Timestamp (IST): 2026-04-29 15:34:30
Station code: KHED
File name: PROJECT_202_Saltriver_JUNCTION_6_AC_1_20260429_153427.pdf
Full file MD5: 45368f4b35c827cb2da2c6de61c96053

--------------------------------------------------
Metadata Checksum: 7ae7880c0322fd8f8a707b709cb29e46
Metadata Data string: KHED|29795|2026-04-30 15:00:31|PROJECT_202_Saltriver_JUNCTION_6_AC_1_20260430_150009.pdf
Initial file size: 29795 bytes
Final file size: 29795 bytes
Timestamp (IST): 2026-04-30 15:00:31
Station code: KHED
File name: PROJECT_202_Saltriver_JUNCTION_6_AC_1_20260430_150009.pdf
Full file MD5: d0f731142215d33ac9ef87a816d830d0

--------------------------------------------------
Metadata Checksum: a04cd3eb0ac06219d7f7f6d314af1ae8
Metadata Data string: KHED|29783|2026-04-30 15:29:44|PROJECT_202_Saltriver_JUNCTION_6_AC_1_20260430_152941.pdf
Initial file size: 29783 bytes
Final file size: 29783 bytes
Timestamp (IST): 2026-04-30 15:29:44
Station code: KHED
File name: PROJECT_202_Saltriver_JUNCTION_6_AC_1_20260430_152941.pdf
Full file MD5: 6c77848e348bce2f4f3f54d063c0d051

--------------------------------------------------
Metadata Checksum: 1ed6dcf025229f3fb818068aa5bce65f
Metadata Data string: KHED|29749|2026-04-30 17:47:24|PROJECT_202_Saltriver_JUNCTION_6_AC_1_20260430_174721.pdf
Initial file size: 29749 bytes
Final file size: 29749 bytes
Timestamp (IST): 2026-04-30 17:47:24
Station code: KHED
File name: PROJECT_202_Saltriver_JUNCTION_6_AC_1_20260430_174721.pdf
Full file MD5: 8d75839a7dc4c5d1e83207f5b2f79f4f

--------------------------------------------------
Metadata Checksum: 62e2f7ecf9c67341716f5f5cad41f910
Metadata Data string: KHED|29757|2026-04-30 18:12:47|PROJECT_202_Saltriver_JUNCTION_6_AC_1_20260430_181244.pdf
Initial file size: 29757 bytes
Final file size: 29757 bytes
Timestamp (IST): 2026-04-30 18:12:47
Station code: KHED
File name: PROJECT_202_Saltriver_JUNCTION_6_AC_1_20260430_181244.pdf
Full file MD5: 8376ecc2ef1c117a42917669200fae73

--------------------------------------------------
Metadata Checksum: 837dc8bad9f0089392ba7fcf5ae2035e
Metadata Data string: KHED|29748|2026-04-30 18:14:22|PROJECT_202_Saltriver_JUNCTION_6_AC_1_20260430_181419.pdf
Initial file size: 29748 bytes
Final file size: 29748 bytes
Timestamp (IST): 2026-04-30 18:14:22
Station code: KHED
File name: PROJECT_202_Saltriver_JUNCTION_6_AC_1_20260430_181419.pdf
Full file MD5: 778c8b8c8215b7b5e40461f933e9d222

--------------------------------------------------
Metadata Checksum: a540b59d627cdc8c08fbebde3270b4eb
Metadata Data string: KHED|29748|2026-04-30 18:14:58|PROJECT_202_Saltriver_JUNCTION_6_AC_1_20260430_181455.pdf
Initial file size: 29748 bytes
Final file size: 29748 bytes
Timestamp (IST): 2026-04-30 18:14:58
Station code: KHED
File name: PROJECT_202_Saltriver_JUNCTION_6_AC_1_20260430_181455.pdf
Full file MD5: 778c8b8c8215b7b5e40461f933e9d222

--------------------------------------------------
Metadata Checksum: 007cc2ba019a17aa40d349411e481c5f
Metadata Data string: KHED|29754|2026-04-30 18:16:48|PROJECT_202_Saltriver_JUNCTION_6_AC_1_20260430_181645.pdf
Initial file size: 29754 bytes
Final file size: 29754 bytes
Timestamp (IST): 2026-04-30 18:16:48
Station code: KHED
File name: PROJECT_202_Saltriver_JUNCTION_6_AC_1_20260430_181645.pdf
Full file MD5: 24056a0e7611f4da8b723dd2c75a99a7

--------------------------------------------------
Metadata Checksum: 19f1157431753f0fe62aa0450bb19a1d
Metadata Data string: KHED|29751|2026-04-30 18:19:26|PROJECT_202_Saltriver_JUNCTION_6_AC_1_20260430_181922.pdf
Initial file size: 29751 bytes
Final file size: 29751 bytes
Timestamp (IST): 2026-04-30 18:19:26
Station code: KHED
File name: PROJECT_202_Saltriver_JUNCTION_6_AC_1_20260430_181922.pdf
Full file MD5: 571985d032d5636f787364eb3adf1757

--------------------------------------------------
Metadata Checksum: de4bde3fcc0c1a33cbb38351736837b4
Metadata Data string: KHED|29764|2026-04-30 18:23:41|PROJECT_202_Saltriver_JUNCTION_6_AC_1_20260430_182338.pdf
Initial file size: 29764 bytes
Final file size: 29764 bytes
Timestamp (IST): 2026-04-30 18:23:41
Station code: KHED
File name: PROJECT_202_Saltriver_JUNCTION_6_AC_1_20260430_182338.pdf
Full file MD5: 2906791c796c336fa1fb0faf3bb7079e

--------------------------------------------------
Metadata Checksum: f5c1d4d562b0bfe7600bd91766e7a495
Metadata Data string: KHED|29764|2026-04-30 18:27:01|PROJECT_202_Saltriver_JUNCTION_6_AC_1_20260430_182654.pdf
Initial file size: 29764 bytes
Final file size: 29764 bytes
Timestamp (IST): 2026-04-30 18:27:01
Station code: KHED
File name: PROJECT_202_Saltriver_JUNCTION_6_AC_1_20260430_182654.pdf
Full file MD5: 171efdabe626a2ab5b64523457eddecf

--------------------------------------------------
Metadata Checksum: af578ae0a665a5c88a0b106c9ab38597
Metadata Data string: KHED|29756|2026-05-01 11:18:56|PROJECT_202_Saltriver_JUNCTION_6_AC_1_20260501_111853.pdf
Initial file size: 29756 bytes
Final file size: 29756 bytes
Timestamp (IST): 2026-05-01 11:18:56
Station code: KHED
File name: PROJECT_202_Saltriver_JUNCTION_6_AC_1_20260501_111853.pdf
Full file MD5: 3666bb7530f778c6505df1561c5e1dbc

--------------------------------------------------
Metadata Checksum: 03f5a3a180d841751c466d098bfb26b6
Metadata Data string: KHED|29759|2026-05-01 11:20:02|PROJECT_202_Saltriver_JUNCTION_6_AC_1_20260501_111959.pdf
Initial file size: 29759 bytes
Final file size: 29759 bytes
Timestamp (IST): 2026-05-01 11:20:02
Station code: KHED
File name: PROJECT_202_Saltriver_JUNCTION_6_AC_1_20260501_111959.pdf
Full file MD5: 019f4ea06be7f313f03b4be9608e03bf

--------------------------------------------------
Metadata Checksum: a774e65f877903de65eed745ca919881
Metadata Data string: KHED|29763|2026-05-01 11:24:43|PROJECT_202_Saltriver_JUNCTION_6_AC_1_20260501_112440.pdf
Initial file size: 29763 bytes
Final file size: 29763 bytes
Timestamp (IST): 2026-05-01 11:24:43
Station code: KHED
File name: PROJECT_202_Saltriver_JUNCTION_6_AC_1_20260501_112440.pdf
Full file MD5: cea79ed541ceadb78c9ed59b66a78003

--------------------------------------------------
Metadata Checksum: e4cd806f2aee742b2f772cccdb9f6fc0
Metadata Data string: KHED|29785|2026-05-01 11:26:11|PROJECT_202_Saltriver_JUNCTION_6_AC_1_20260501_112608.pdf
Initial file size: 29785 bytes
Final file size: 29785 bytes
Timestamp (IST): 2026-05-01 11:26:11
Station code: KHED
File name: PROJECT_202_Saltriver_JUNCTION_6_AC_1_20260501_112608.pdf
Full file MD5: 612ded0c08ce30a0a98cc0465fad75e6

--------------------------------------------------
Metadata Checksum: bf028042332a04a3d603f5acc9186147
Metadata Data string: KHED|29766|2026-05-01 11:27:28|PROJECT_202_Saltriver_JUNCTION_6_AC_1_20260501_112725.pdf
Initial file size: 29766 bytes
Final file size: 29766 bytes
Timestamp (IST): 2026-05-01 11:27:28
Station code: KHED
File name: PROJECT_202_Saltriver_JUNCTION_6_AC_1_20260501_112725.pdf
Full file MD5: 27b1661b471766da7a987fd55740190a

--------------------------------------------------
Metadata Checksum: 1ef1c4b60415f1f0aabb7a3bf788af59
Metadata Data string: KHED|29780|2026-05-01 11:28:34|PROJECT_202_Saltriver_JUNCTION_6_AC_1_20260501_112831.pdf
Initial file size: 29780 bytes
Final file size: 29780 bytes
Timestamp (IST): 2026-05-01 11:28:34
Station code: KHED
File name: PROJECT_202_Saltriver_JUNCTION_6_AC_1_20260501_112831.pdf
Full file MD5: fce5ff9a68c2c7e06198f303c4518f04

--------------------------------------------------
Metadata Checksum: 7941ab31c412ce7ab369c53a613e0d3d
Metadata Data string: KHED|29777|2026-05-01 11:29:39|PROJECT_202_Saltriver_JUNCTION_6_AC_1_20260501_112936.pdf
Initial file size: 29777 bytes
Final file size: 29777 bytes
Timestamp (IST): 2026-05-01 11:29:39
Station code: KHED
File name: PROJECT_202_Saltriver_JUNCTION_6_AC_1_20260501_112936.pdf
Full file MD5: 6790862fde3fec183581b69991b45649

--------------------------------------------------
Metadata Checksum: 12ba94f91f7db27a42254e1754c57a76
Metadata Data string: KHED|29775|2026-05-01 11:38:54|PROJECT_202_Saltriver_JUNCTION_6_AC_1_20260501_113851.pdf
Initial file size: 29775 bytes
Final file size: 29775 bytes
Timestamp (IST): 2026-05-01 11:38:54
Station code: KHED
File name: PROJECT_202_Saltriver_JUNCTION_6_AC_1_20260501_113851.pdf
Full file MD5: df878e2bdab93d67f1fd69f540f6a889

--------------------------------------------------
Metadata Checksum: 7eea75a571b734a0b7a1f69657a94655
Metadata Data string: KHED|29772|2026-05-01 11:46:22|PROJECT_202_Saltriver_JUNCTION_6_AC_1_20260501_114618.pdf
Initial file size: 29772 bytes
Final file size: 29772 bytes
Timestamp (IST): 2026-05-01 11:46:22
Station code: KHED
File name: PROJECT_202_Saltriver_JUNCTION_6_AC_1_20260501_114618.pdf
Full file MD5: 7a605f0c13175b17576cf45d27254fc8

--------------------------------------------------
Metadata Checksum: bb5f880e96f6c63b36584256be7f8520
Metadata Data string: KHED|29802|2026-05-01 12:03:29|PROJECT_202_Saltriver_JUNCTION_6_AC_1_20260501_120326.pdf
Initial file size: 29802 bytes
Final file size: 29802 bytes
Timestamp (IST): 2026-05-01 12:03:29
Station code: KHED
File name: PROJECT_202_Saltriver_JUNCTION_6_AC_1_20260501_120326.pdf
Full file MD5: 600c963267c9013867dfdf5fa1a8bbfd

--------------------------------------------------
Metadata Checksum: 8f03db25acd6c20ccf18ebf54c5febe4
Metadata Data string: KHED|29793|2026-05-01 12:09:42|PROJECT_202_Saltriver_JUNCTION_6_AC_1_20260501_120939.pdf
Initial file size: 29793 bytes
Final file size: 29793 bytes
Timestamp (IST): 2026-05-01 12:09:42
Station code: KHED
File name: PROJECT_202_Saltriver_JUNCTION_6_AC_1_20260501_120939.pdf
Full file MD5: 6cad42fcc9638e7a9a27b5159de1982a

--------------------------------------------------
Metadata Checksum: 5b517c6d87a28c91408b02d2b102e7cf
Metadata Data string: KHED|29793|2026-05-01 12:24:02|PROJECT_202_Saltriver_JUNCTION_6_AC_1_20260501_122359.pdf
Initial file size: 29793 bytes
Final file size: 29793 bytes
Timestamp (IST): 2026-05-01 12:24:02
Station code: KHED
File name: PROJECT_202_Saltriver_JUNCTION_6_AC_1_20260501_122359.pdf
Full file MD5: 6cad42fcc9638e7a9a27b5159de1982a

--------------------------------------------------
Metadata Checksum: ccd00e333294573e05eae6350e748b0e
Metadata Data string: KHED|29793|2026-05-01 12:30:57|PROJECT_202_Saltriver_JUNCTION_6_AC_1_20260501_123053.pdf
Initial file size: 29793 bytes
Final file size: 29793 bytes
Timestamp (IST): 2026-05-01 12:30:57
Station code: KHED
File name: PROJECT_202_Saltriver_JUNCTION_6_AC_1_20260501_123053.pdf
Full file MD5: 6cad42fcc9638e7a9a27b5159de1982a

--------------------------------------------------
Metadata Checksum: f38c8e7f6c88a3931a84126ac19467d2
Metadata Data string: KHED|29796|2026-05-01 12:33:51|PROJECT_202_Saltriver_JUNCTION_6_AC_1_20260501_123348.pdf
Initial file size: 29796 bytes
Final file size: 29796 bytes
Timestamp (IST): 2026-05-01 12:33:51
Station code: KHED
File name: PROJECT_202_Saltriver_JUNCTION_6_AC_1_20260501_123348.pdf
Full file MD5: 4ed2359198969f382d78f6cdc030ac6e

--------------------------------------------------
Metadata Checksum: 93e483e357b06a42aeea9a796ad2ac0f
Metadata Data string: KHED|29811|2026-05-01 12:48:39|PROJECT_202_Saltriver_JUNCTION_6_AC_1_20260501_124836.pdf
Initial file size: 29811 bytes
Final file size: 29811 bytes
Timestamp (IST): 2026-05-01 12:48:39
Station code: KHED
File name: PROJECT_202_Saltriver_JUNCTION_6_AC_1_20260501_124836.pdf
Full file MD5: 3eea8bbf0f9e23b725c7616e047387fa

--------------------------------------------------
Metadata Checksum: f8ea578aedd87384ead723fcce9fc460
Metadata Data string: KHED|29811|2026-05-01 12:50:07|PROJECT_202_Saltriver_JUNCTION_6_AC_1_20260501_125004.pdf
Initial file size: 29811 bytes
Final file size: 29811 bytes
Timestamp (IST): 2026-05-01 12:50:07
Station code: KHED
File name: PROJECT_202_Saltriver_JUNCTION_6_AC_1_20260501_125004.pdf
Full file MD5: 3eea8bbf0f9e23b725c7616e047387fa

--------------------------------------------------
Metadata Checksum: 473d3014b9b5f077560e2c79e73e00ca
Metadata Data string: KHED|29825|2026-05-01 12:51:02|PROJECT_202_Saltriver_JUNCTION_6_AC_1_20260501_125058.pdf
Initial file size: 29825 bytes
Final file size: 29825 bytes
Timestamp (IST): 2026-05-01 12:51:02
Station code: KHED
File name: PROJECT_202_Saltriver_JUNCTION_6_AC_1_20260501_125058.pdf
Full file MD5: 238492a282969a8b97678b725b40b19b

--------------------------------------------------
Metadata Checksum: 0efe5c857034fd44d798c65dd8cebef7
Metadata Data string: KHED|29852|2026-05-01 12:57:50|PROJECT_202_Saltriver_JUNCTION_6_AC_1_20260501_125747.pdf
Initial file size: 29852 bytes
Final file size: 29852 bytes
Timestamp (IST): 2026-05-01 12:57:50
Station code: KHED
File name: PROJECT_202_Saltriver_JUNCTION_6_AC_1_20260501_125747.pdf
Full file MD5: e02d45e533899fb2abce97ef1078da62

--------------------------------------------------
Metadata Checksum: 78e62ccf547cf31bd01b38afdfd70583
Metadata Data string: KHED|29850|2026-05-01 12:59:40|PROJECT_202_Saltriver_JUNCTION_6_AC_1_20260501_125937.pdf
Initial file size: 29850 bytes
Final file size: 29850 bytes
Timestamp (IST): 2026-05-01 12:59:40
Station code: KHED
File name: PROJECT_202_Saltriver_JUNCTION_6_AC_1_20260501_125937.pdf
Full file MD5: 832f267567bb1cfd541330577d2924ff

--------------------------------------------------
Metadata Checksum: 60e68255f742fd7bcc602a4894481498
Metadata Data string: KHED|45861|2026-05-01 16:57:36|PROJECT_202_Saltriver_JUNCTION_6_AC_1_20260501_165726.pdf
Initial file size: 45861 bytes
Final file size: 45861 bytes
Timestamp (IST): 2026-05-01 16:57:36
Station code: KHED
File name: PROJECT_202_Saltriver_JUNCTION_6_AC_1_20260501_165726.pdf
Full file MD5: 20c22c2947b3345150f7245802e2bcec

--------------------------------------------------
Metadata Checksum: 9db3e2e58c3222c1a8e911ba4f812c12
Metadata Data string: KHED|45861|2026-05-01 18:38:57|PROJECT_202_Saltriver_JUNCTION_6_AC_1_20260501_183843.pdf
Initial file size: 45861 bytes
Final file size: 45861 bytes
Timestamp (IST): 2026-05-01 18:38:57
Station code: KHED
File name: PROJECT_202_Saltriver_JUNCTION_6_AC_1_20260501_183843.pdf
Full file MD5: 20c22c2947b3345150f7245802e2bcec

--------------------------------------------------
Metadata Checksum: 6da00ee7ef9b6ed70746ae324709ae33
Metadata Data string: KHED|45861|2026-05-01 18:45:10|PROJECT_202_Saltriver_JUNCTION_6_AC_1_20260501_184506.pdf
Initial file size: 45861 bytes
Final file size: 45861 bytes
Timestamp (IST): 2026-05-01 18:45:10
Station code: KHED
File name: PROJECT_202_Saltriver_JUNCTION_6_AC_1_20260501_184506.pdf
Full file MD5: 20c22c2947b3345150f7245802e2bcec

--------------------------------------------------
Metadata Checksum: a161ff49af2d97e9b739c977a36e90f9
Metadata Data string: KHED|28937|2026-05-02 11:17:38|PROJECT_202_Saltriver_JUNCTION_5_Railway_20260502_111729.pdf
Initial file size: 28937 bytes
Final file size: 28937 bytes
Timestamp (IST): 2026-05-02 11:17:38
Station code: KHED
File name: PROJECT_202_Saltriver_JUNCTION_5_Railway_20260502_111729.pdf
Full file MD5: d80a358bcb6b40331bb000587d7dfebb

--------------------------------------------------
Metadata Checksum: 334721f491b635f2638e6f3a43d22c9e
Metadata Data string: KHED|42922|2026-05-02 12:56:32|PROJECT_202_Saltriver_JUNCTION_11_AC_BOX_NO.17_F_20260502_125628.pdf
Initial file size: 42922 bytes
Final file size: 42922 bytes
Timestamp (IST): 2026-05-02 12:56:32
Station code: KHED
File name: PROJECT_202_Saltriver_JUNCTION_11_AC_BOX_NO.17_F_20260502_125628.pdf
Full file MD5: 5d55bec8b731c6dc9fec61ba17f31eff

--------------------------------------------------
Metadata Checksum: fb2b2646fc0bc3dc26089438eb9c62fb
Metadata Data string: KHED|42922|2026-05-02 13:08:49|PROJECT_202_Saltriver_JUNCTION_11_AC_BOX_NO.17_F_20260502_130845.pdf
Initial file size: 42922 bytes
Final file size: 42922 bytes
Timestamp (IST): 2026-05-02 13:08:49
Station code: KHED
File name: PROJECT_202_Saltriver_JUNCTION_11_AC_BOX_NO.17_F_20260502_130845.pdf
Full file MD5: 5d55bec8b731c6dc9fec61ba17f31eff

--------------------------------------------------
Metadata Checksum: f3f4dc8414ded9d54c50bb3e0cfdc005
Metadata Data string: KHED|42922|2026-05-02 16:20:15|PROJECT_202_Saltriver_JUNCTION_11_AC_BOX_NO.17_F_20260502_162011.pdf
Initial file size: 42922 bytes
Final file size: 42922 bytes
Timestamp (IST): 2026-05-02 16:20:15
Station code: KHED
File name: PROJECT_202_Saltriver_JUNCTION_11_AC_BOX_NO.17_F_20260502_162011.pdf
Full file MD5: 5d55bec8b731c6dc9fec61ba17f31eff

--------------------------------------------------
Metadata Checksum: ebd60b8f684a1f0c2664043d19d2207f
Metadata Data string: KHED|42922|2026-05-02 17:04:09|PROJECT_202_Saltriver_JUNCTION_11_AC_BOX_NO.17_F_20260502_170405.pdf
Initial file size: 42922 bytes
Final file size: 42922 bytes
Timestamp (IST): 2026-05-02 17:04:09
Station code: KHED
File name: PROJECT_202_Saltriver_JUNCTION_11_AC_BOX_NO.17_F_20260502_170405.pdf
Full file MD5: 5d55bec8b731c6dc9fec61ba17f31eff

--------------------------------------------------
Metadata Checksum: cd30e49111f3874ebdd8f8db8b367f70
Metadata Data string: KHED|42922|2026-05-04 10:47:20|PROJECT_202_Saltriver_JUNCTION_11_AC_BOX_NO.17_F_20260504_104706.pdf
Initial file size: 42922 bytes
Final file size: 42922 bytes
Timestamp (IST): 2026-05-04 10:47:20
Station code: KHED
File name: PROJECT_202_Saltriver_JUNCTION_11_AC_BOX_NO.17_F_20260504_104706.pdf
Full file MD5: 5d55bec8b731c6dc9fec61ba17f31eff

--------------------------------------------------
Metadata Checksum: ddffe27934b292f07db5ec6e95bbc7b5
Metadata Data string: KHED|42922|2026-05-04 12:29:45|PROJECT_202_Saltriver_JUNCTION_11_AC_BOX_NO.17_F_20260504_122940.pdf
Initial file size: 42922 bytes
Final file size: 42922 bytes
Timestamp (IST): 2026-05-04 12:29:45
Station code: KHED
File name: PROJECT_202_Saltriver_JUNCTION_11_AC_BOX_NO.17_F_20260504_122940.pdf
Full file MD5: 5d55bec8b731c6dc9fec61ba17f31eff

--------------------------------------------------
Metadata Checksum: 46c77e87a7b89c572f190ecf5fb92ff1
Metadata Data string: KHED|36990|2026-05-04 15:44:31|PROJECT_202_Saltriver_JUNCTION_12_VARETHA_1_20260504_154426.pdf
Initial file size: 36990 bytes
Final file size: 36990 bytes
Timestamp (IST): 2026-05-04 15:44:31
Station code: KHED
File name: PROJECT_202_Saltriver_JUNCTION_12_VARETHA_1_20260504_154426.pdf
Full file MD5: d457ae64a673b6eba47c2ab28484ba52

--------------------------------------------------
Metadata Checksum: ab5d39d01848748aad2e696bf3c262ea
Metadata Data string: KHED|42451|2026-05-04 15:53:14|PROJECT_202_Saltriver_JUNCTION_12_VARETHA_1_20260504_155310.pdf
Initial file size: 42451 bytes
Final file size: 42451 bytes
Timestamp (IST): 2026-05-04 15:53:14
Station code: KHED
File name: PROJECT_202_Saltriver_JUNCTION_12_VARETHA_1_20260504_155310.pdf
Full file MD5: b48d53482d041e40b2d8c9983615665b

--------------------------------------------------
Metadata Checksum: 359283a761f9f6a8ad4f0aee2ba7515c
Metadata Data string: KHED|42451|2026-05-04 15:55:24|PROJECT_202_Saltriver_JUNCTION_12_VARETHA_1_20260504_155519.pdf
Initial file size: 42451 bytes
Final file size: 42451 bytes
Timestamp (IST): 2026-05-04 15:55:24
Station code: KHED
File name: PROJECT_202_Saltriver_JUNCTION_12_VARETHA_1_20260504_155519.pdf
Full file MD5: b48d53482d041e40b2d8c9983615665b

--------------------------------------------------
Metadata Checksum: fbc8d4e359b40a362d82c2e21db155d8
Metadata Data string: KHED|42451|2026-05-04 15:56:15|PROJECT_202_Saltriver_JUNCTION_12_VARETHA_1_20260504_155611.pdf
Initial file size: 42451 bytes
Final file size: 42451 bytes
Timestamp (IST): 2026-05-04 15:56:15
Station code: KHED
File name: PROJECT_202_Saltriver_JUNCTION_12_VARETHA_1_20260504_155611.pdf
Full file MD5: b48d53482d041e40b2d8c9983615665b

--------------------------------------------------
Metadata Checksum: a76473a18c032e5b6bf0ed61f0eae0cb
Metadata Data string: KHED|42451|2026-05-04 16:10:15|PROJECT_202_Saltriver_JUNCTION_12_VARETHA_1_20260504_161011.pdf
Initial file size: 42451 bytes
Final file size: 42451 bytes
Timestamp (IST): 2026-05-04 16:10:15
Station code: KHED
File name: PROJECT_202_Saltriver_JUNCTION_12_VARETHA_1_20260504_161011.pdf
Full file MD5: b48d53482d041e40b2d8c9983615665b

--------------------------------------------------
Metadata Checksum: c47d0559040258fe70bed8ea9769f2ee
Metadata Data string: KHED|42451|2026-05-04 16:10:19|PROJECT_202_Saltriver_JUNCTION_12_VARETHA_1_20260504_161015.pdf
Initial file size: 42451 bytes
Final file size: 42451 bytes
Timestamp (IST): 2026-05-04 16:10:19
Station code: KHED
File name: PROJECT_202_Saltriver_JUNCTION_12_VARETHA_1_20260504_161015.pdf
Full file MD5: b48d53482d041e40b2d8c9983615665b

--------------------------------------------------
Metadata Checksum: b8dd2e984d817917126375a270d4d7aa
Metadata Data string: KHED|42074|2026-05-04 17:10:33|PROJECT_202_Saltriver_JUNCTION_12_VARETHA_1_20260504_171028.pdf
Initial file size: 42074 bytes
Final file size: 42074 bytes
Timestamp (IST): 2026-05-04 17:10:33
Station code: KHED
File name: PROJECT_202_Saltriver_JUNCTION_12_VARETHA_1_20260504_171028.pdf
Full file MD5: 53bc3b91e6d7f3a2ea6bf404be9d6f7f

--------------------------------------------------
Metadata Checksum: 8d1fdf7dd205053ca25e0ebd3999c67b
Metadata Data string: KHED|42113|2026-05-04 17:36:56|PROJECT_202_Saltriver_JUNCTION_12_VARETHA_1_20260504_173652.pdf
Initial file size: 42113 bytes
Final file size: 42113 bytes
Timestamp (IST): 2026-05-04 17:36:56
Station code: KHED
File name: PROJECT_202_Saltriver_JUNCTION_12_VARETHA_1_20260504_173652.pdf
Full file MD5: 1b3c0cc0051c982bb9c6c487ee03ce27

--------------------------------------------------
Metadata Checksum: ae708db481735a1c7975bdbc8dab8b39
Metadata Data string: KHED|59228|2026-05-04 18:11:14|PROJECT_202_Saltriver_JUNCTION_13_VADNAGAR_2_20260504_181109.pdf
Initial file size: 59228 bytes
Final file size: 59228 bytes
Timestamp (IST): 2026-05-04 18:11:14
Station code: KHED
File name: PROJECT_202_Saltriver_JUNCTION_13_VADNAGAR_2_20260504_181109.pdf
Full file MD5: ede1d4bb42c8567a34d2604d0dbb9ed2

--------------------------------------------------
Metadata Checksum: c2cad77e4c3bd5a4224e42da461171e0
Metadata Data string: KHED|59228|2026-05-04 18:11:24|PROJECT_202_Saltriver_JUNCTION_13_VADNAGAR_2_20260504_181119.pdf
Initial file size: 59228 bytes
Final file size: 59228 bytes
Timestamp (IST): 2026-05-04 18:11:24
Station code: KHED
File name: PROJECT_202_Saltriver_JUNCTION_13_VADNAGAR_2_20260504_181119.pdf
Full file MD5: ede1d4bb42c8567a34d2604d0dbb9ed2
